ONTENT_TYPE,POST_ID,URL,category,post_title,session,page_view,click_app_store,article_ctr,imp,click,search_ctr,sum_position,avg_position,sales,pv_unit_sales,app_link_click,cv,cvr,growth_rate,SEO対策KW,30日間平均順位,7日間平均順位,比較（7日間が良ければ＋）
column,6760,https://good-apps.jp/media/column/6760,"ポイ活, ファイナンス・マネー",【安心安全】お小遣い稼ぎにも！[Y]年版おすすめポイ活アプリ,668.80,750.20,131.80,0.1756864836,"23,688.20",443.60,0.01872662338,"244,607.40",11.38,"9,304.60",12.40,920.2,32.2,0.2443095599,,ポイ活 おすすめ,4.3,3.4,+0.8
column,774,https://good-apps.jp/media/column/774,"ツール, スマホ活用, テーマ別, その他",【[Y]年最新】入れなきゃ損！とにかく便利な「神スマホアプリ」【決定版】,579.20,640.00,56.60,0.0884375,"22,832.00",464.40,0.02033987386,"148,223.80",7.41,"3,769.20",5.89,463.2,10,0.1766784452,,便利なアプリ,1.9,2.1,-0.2
column,21044,https://good-apps.jp/media/column/21044,"ツール, 広告ブロック",【[Y]】広告ブロックアプリおすすめは？人気アプリを目的別に解説,501.40,572.60,225.40,0.3936430318,"23,087.60",447.00,0.01936104229,"219,584.20",10.59,,0.00,231.4,0,0,,広告ブロックアプリ,2.6,3,-0.4
column,6234,https://good-apps.jp/media/column/6234,"位置情報・GPS, 地図・ナビゲーション",【[Y]】GPS・位置情報の共有おすすめアプリ！子ども用・夫婦用,468.00,504.20,72.60,0.14399048,"22,779.00",309.20,0.01357390579,"161,980.40",9.36,175.00,0.35,96.4,0.4,0.005509641873,,gpsアプリ,5.1,4.8,+0.3
column,7434,https://good-apps.jp/media/column/7434,"カメラ, 写真・動画",[Y]｜無音カメラアプリおすすめランキング11選｜無料｜高画質,420.80,466.80,141.80,0.3037703513,"12,249.60",326.60,0.02666209509,"41,666.20",4.41,896.00,1.92,517.4,7.8,0.05500705219,,無音カメラ,2.8,2.2,+0.6
column,25441,https://good-apps.jp/media/column/25441,"ツール, メモ帳・ノート",【無料】おすすめメモ共有アプリ11選！シンプルで使いやすい,304.60,317.20,48.20,0.1519546028,"5,980.40",286.00,0.0478228881,"79,837.40",18.46,,0.00,70.6,0,0,,メモ共有アプリ カップル,4.8,4.9,-0.1
column,9793,https://good-apps.jp/media/column/9793,"音楽, エンターテインメント, 楽器",【[Y]最新】ピアノアプリおすすめ12選｜完全無料で弾ける,277.40,297.00,76.60,0.2579124579,"17,572.80",227.00,0.01291769098,"67,058.60",4.82,"1,318.00",4.44,8.4,0.2,0.002610966057,,ピアノアプリ,4.2,4.2,+0.1
column,7758,https://good-apps.jp/media/column/7758,"ウォーキング, ヘルスケア",無料で楽しく歩ける！ウォーキングアプリおすすめ10選,246.20,271.40,46.20,0.1702284451,"2,564.80",178.40,0.06955708047,"17,420.40",7.90,977.75,3.60,135.6,3.4,0.07359307359,,ウォーキング アプリ,2,1.7,+0.3
column,7121,https://good-apps.jp/media/column/7121,"資産管理, ファイナンス・マネー",【[Y]年最新】資産管理アプリおすすめ一覧,245.20,254.40,34.80,0.1367924528,"3,897.00",184.60,0.04736977162,"23,443.40",7.03,"1,672.00",6.57,49.2,4.4,0.1264367816,,資産管理アプリ,2.7,1.7,+1.0
column,6553,https://good-apps.jp/media/column/6553,"ゲーム, カードゲーム, ポーカー, エンターテインメント",【[Y]】ポーカーアプリおすすめランキング！初心者も練習できて安心,226.40,242.60,48.80,0.2011541632,"9,568.80",178.40,0.01864392609,"52,233.20",6.52,"3,103.50",12.79,188.6,7.4,0.1516393443,,ポーカー アプリ,7.8,5.6,+2.2
column,9854,https://good-apps.jp/media/column/9854,"チャット, 通信・SNS",【[Y]】おすすめ無料チャットアプリ一覧｜登録不要で友達作り,215.60,240.80,58.80,0.2441860465,"15,737.80",184.20,0.01170430429,"94,492.80",7.00,"1,052.00",4.37,63,4.8,0.08163265306,,チャットアプリ,4.9,5,-0.1
column,10267,https://good-apps.jp/media/column/10267,"カメラ, 写真・動画",人気のQRコード読み取りアプリおすすめ5選！広告なしでも無料&amp;安全,198.40,229.20,108.40,0.4729493892,"13,117.80",137.80,0.01050481026,"68,932.20",6.25,,0.00,128.8,0,0,,qrコード アプリ 無料 安全 日本製,4.3,4.1,+0.2
column,6409,https://good-apps.jp/media/column/6409,"通話, 通信・SNS, ビジネス・仕事, 会議・セミナー",[Y]年｜無料通話アプリおすすめランキング11選｜用途別に紹介,209.60,216.80,18.00,0.08302583026,"8,428.00",99.00,0.01174655909,"60,771.40",8.20,,0.00,3,0,0,,無料通話アプリ,5.1,6.2,-1.1
column,7099,https://good-apps.jp/media/column/7099,"ランニング, ヘルスケア",【[Y]年最新】ランニングアプリおすすめ10選｜無料,180.60,193.80,23.80,0.1228070175,"6,601.40",131.00,0.01984427546,"32,605.80",5.93,220.00,1.14,64.8,0.4,0.01680672269,,ランニング アプリ,5.1,7.8,-2.7
column,9364,https://good-apps.jp/media/column/9364,"ビジネス・仕事, 経理",【[Y]】個人事業主向け！確定申告アプリおすすめランキング,182.80,191.40,47.40,0.2476489028,"8,189.00",108.60,0.01326169251,"55,040.80",7.72,,0.00,25.2,0,0,,確定申告 アプリ おすすめ,4.8,5.2,-0.4
column,6766,https://good-apps.jp/media/column/6766,"スケジュール・カレンダー, ライフスタイル",無料カレンダーアプリおすすめ徹底比較！[Y]年スケジュール管理に！,179.20,188.00,42.40,0.2255319149,"17,084.60",113.40,0.00663755663,"121,393.40",8.10,254.00,1.35,59.8,0.4,0.009433962264,,カレンダーアプリ おすすめ,8.8,8.7,+0.1
column,18780,https://good-apps.jp/media/column/18780,"フリマ・オークション, ショッピング・オークション",メルカリで売れるものランキング！一瞬で売れるもの・意外な品も解説,186.60,186.40,0.60,0.00321888412,"4,023.00",115.40,0.0286850609,"18,220.00",5.55,,0.00,1.5,0,0,,メルカリ 一瞬で売れるもの,2.3,2.3,+0.0
column,20161,https://good-apps.jp/media/column/20161,"パチンコ, エンターテインメント",【[Y]年】パチンコ・パチスロアプリおすすめ6選！無料で遊べる,165.80,186.20,70.00,0.3759398496,"6,686.00",147.80,0.02210589291,"32,263.60",5.83,552.00,2.96,91.4,4.6,0.06571428571,,スロットゲーム,5.7,6.3,-0.6
column,7362,https://good-apps.jp/media/column/7362,"物件, ライフスタイル",【[Y]年】賃貸物件・部屋探しアプリおすすめランキング11選,166.40,175.20,48.80,0.2785388128,"4,254.80",127.60,0.02998965874,"26,697.00",7.22,"5,840.00",33.33,199.2,13.6,0.2786885246,,家探し アプリ,2.2,2.1,+0.2
column,23431,https://good-apps.jp/media/column/23431,"スケジュール・カレンダー, ライフスタイル",【[Y]】一日の時間管理に！タイムスケジュールアプリおすすめ7選,161.00,171.00,36.60,0.2140350877,"6,370.00",133.60,0.0209733124,"42,234.80",7.64,254.00,1.49,50.8,2,0.05464480874,,タイムスケジュール アプリ,3.3,2.2,+1.0
column,4409,https://good-apps.jp/media/column/4409,"家計簿, ライフスタイル",【[Y]年】家計簿アプリのおすすめ一覧！安全＆初心者向け,149.20,169.40,34.40,0.2030696576,"14,546.60",102.80,0.007066943478,"107,872.20",8.44,665.00,3.93,108.4,1.4,0.04069767442,,家計簿アプリ おすすめ,6.8,7.7,-0.9
column,14342,https://good-apps.jp/media/column/14342,"ツール, 電卓",【無料】シンプルな電卓アプリおすすめランキング10選 | 広告なしも,141.20,168.20,96.80,0.5755053508,"15,769.00",137.60,0.008725981356,"69,340.20",5.39,,0.00,87.8,0,0,,電卓アプリ,7.1,6.3,+0.9
column,10255,https://good-apps.jp/media/column/10255,"ビジネス・仕事, 書類管理",【[Y]年最新】無料PDFアプリおすすめ12選｜閲覧＆編集,154.00,166.00,38.20,0.2301204819,"8,417.40",113.00,0.01342457291,"56,162.20",7.66,,0.00,2,0,0,,pdfアプリ 無料 おすすめ,2.8,2.8,-0.1
column,13712,https://good-apps.jp/media/column/13712,"カメラ, 写真・動画",【[Y]年】スキャンアプリおすすめランキング5選【無料・比較】,154.40,162.80,40.20,0.2469287469,"6,779.60",107.20,0.01581214231,"40,277.60",6.94,,0.00,65,0,0,,スキャンアプリ,4.5,4.1,+0.5
column,8785,https://good-apps.jp/media/column/8785,"勉強, 勉強サポート",【[Y]】中学生おすすめ勉強アプリ10選！無料｜5教科・全教科,149.20,162.20,54.80,0.3378545006,"6,328.80",107.80,0.01703324485,"35,643.20",6.70,54.00,0.33,12.2,0.4,0.007299270073,,勉強アプリ 中学生 5教科無料,2.1,2.5,-0.5
column,8784,https://good-apps.jp/media/column/8784,"ゲーム, ボードゲーム",一人でも楽しめる！無料将棋アプリ12選【[Y]年最新】,141.20,159.60,67.60,0.4235588972,"9,884.60",118.40,0.01197822876,"52,566.40",6.33,333.33,2.09,94,2,0.02958579882,,将棋ゲーム無料一人,7.1,6.2,+0.9
column,10399,https://good-apps.jp/media/column/10399,"ダイエット, 健康管理, ヘルスケア",【[Y]年最新】食事管理アプリおすすめランキング10選,143.00,154.20,26.60,0.1725032425,"5,477.20",110.80,0.02022931425,"26,480.20",5.84,,0.00,22.8,0,0,,食事管理 アプリ,5.2,5,+0.2
column,18239,https://good-apps.jp/media/column/18239,"動画保存, 写真・動画",【[Y]】YouTubeは可能？動画無料ダウンロードアプリおすすめ5選,138.80,151.20,42.40,0.2804232804,"7,433.20",111.20,0.01495990959,"64,012.80",9.60,"2,150.00",14.22,50,0.2,0.004716981132,,youtube ダウンロードアプリ 無料,8.2,7.9,+0.4
column,20,https://good-apps.jp/media/column/20,"チャット, 通信・SNS, その他, アプリ解説",韓国アイドルとチャットができるアプリ「bubble」使い方&amp;支払い方法,141.60,151.00,8.60,0.05695364238,"5,147.40",96.40,0.01872790146,"23,324.60",5.55,,0.00,2.25,0,0,,スロットゲーム,5.7,6.3,-0.6
column,16867,https://good-apps.jp/media/column/16867,"ポイ活, ファイナンス・マネー",【徹底比較】ポイ活は危険？注意点＆安全なポイ活アプリを解説！,129.40,148.00,11.00,0.07432432432,"6,017.80",98.80,0.01641796005,"24,914.20",5.15,723.00,4.89,24,2.8,0.2545454545,,クラシルリワード 危険性,4,3.9,+0.1
column,18061,https://good-apps.jp/media/column/18061,"音楽, エンターテインメント, 楽器",【初心者にも！】無料の作曲アプリおすすめ5選 | スマホで音楽を作ろう,132.60,147.40,51.20,0.3473541384,"11,439.40",113.60,0.009930590765,"62,396.40",6.43,,0.00,35.8,0,0,,作曲アプリ,7.3,7,+0.4
column,22828,https://good-apps.jp/media/column/22828,"音楽, エンターテインメント",【[Y]】音楽プレーヤーアプリおすすめ人気ランキング5選,131.80,139.60,23.00,0.164756447,"4,823.20",92.40,0.01915740587,"29,741.20",7.16,,0.00,30,0,0,,android 音楽プレイヤー おすすめ,3.7,3.5,+0.2
column,7753,https://good-apps.jp/media/column/7753,"アルバム, 写真・動画",【[Y]年最新】アルバム・写真保存アプリおすすめランキング10選,132.00,137.60,17.20,0.125,"6,861.20",100.80,0.01469130764,"46,430.00",7.78,640.00,4.65,13.4,0.8,0.04651162791,,アルバムアプリ,4.3,4.2,+0.2
column,7831,https://good-apps.jp/media/column/7831,"ツール, 録音, ビジネス・仕事, 会議・セミナー",【[Y]】無料 録音アプリおすすめランキング | ボイスレコーダー,127.60,137.40,45.80,0.3333333333,"10,508.40",97.00,0.00923071067,"66,895.40",7.37,,0.00,3.2,0,0,,ボイスレコーダーアプリ 無料 android,5.1,4.7,+0.4
column,11952,https://good-apps.jp/media/column/11952,"ツール, 計測ツール",[Y]｜スピードメーター/速度計アプリおすすめランキング13選,120.20,134.00,42.80,0.3194029851,"6,419.00",91.80,0.01430129304,"24,320.20",4.79,,0.00,,,0,,スピードメーター アプリ,3.2,3,+0.2
column,8648,https://good-apps.jp/media/column/8648,"エンターテインメント, 公営ギャンブル",【[Y]年最新】競馬アプリおすすめランキング10選,124.80,131.60,31.00,0.23556231,"8,477.40",94.20,0.01111189752,"57,527.20",7.87,"5,537.50",42.08,30.6,3,0.09677419355,,競馬アプリ おすすめ,2.2,1.8,+0.4
column,7341,https://good-apps.jp/media/column/7341,"ウォーキング, 健康管理, ヘルスケア",【[Y]年最新】歩数計アプリおすすめ12選｜万歩計,114.40,131.60,27.40,0.2082066869,"11,482.60",79.40,0.006914810235,"79,850.20",7.96,599.75,4.56,34,2.2,0.0802919708,,万歩計アプリ無料 シンプル アンドロイド,6.1,6,+0.1
column,7125,https://good-apps.jp/media/column/7125,"健康管理, ヘルスケア",【[Y]年最新】おすすめお薬手帳アプリランキング,123.40,131.40,31.00,0.2359208524,"2,190.20",75.60,0.03451739567,"12,623.80",6.74,364.00,2.77,50.2,0.8,0.02580645161,,お薬手帳 アプリ おすすめ,4.2,5.9,-1.7
column,8273,https://good-apps.jp/media/column/8273,"ポイ活, ファイナンス・マネー",【レシートポイ活は本当に危険？】[Y]年最新レシートアプリおすすめ9選,110.80,126.60,13.40,0.1058451817,"6,541.40",68.20,0.01042590271,"44,185.20",7.78,339.25,2.68,106.4,1,0.07462686567,,レシートポイ活,1.1,1.1,+0.1
column,19739,https://good-apps.jp/media/column/19739,"写真編集／加工, カメラ, 写真・動画",【[Y]】無料で使える綺麗に撮れるカメラアプリおすすめ人気ランキング5選,106.60,123.20,46.00,0.3733766234,"10,049.20",72.60,0.007224455678,"60,459.60",7.03,798.00,6.48,55.4,7.4,0.1608695652,,カメラアプリ,8.6,9.3,-0.6
column,10182,https://good-apps.jp/media/column/10182,"エンターテインメント, 動画配信サービス",【無料】テレビ視聴アプリおすすめ6選！リアルタイム視聴はできる？見逃し配信も！,108.20,118.40,7.60,0.06418918919,"12,019.00",73.80,0.006140277893,"64,922.60",6.41,,0.00,8.25,0,0,,リアルタイムでテレビが見れるアプリ 無料,4.5,4.4,+0.1
column,11948,https://good-apps.jp/media/column/11948,"写真編集／加工, 写真・動画",無料｜スライドショーアプリおすすめ11選｜枚数制限なし・好きな曲,108.60,116.20,30.60,0.2633390706,"9,247.20",57.60,0.006228912536,"65,192.80",8.05,,0.00,7.8,0,0,,スライドショー アプリ,7,8.7,-1.7
column,12006,https://good-apps.jp/media/column/12006,"ゲーム, パーティーゲーム",【無料】ビンゴアプリおすすめランキング11選！飲み会の盛り上げに,106.40,115.20,25.00,0.2170138889,"3,725.40",78.20,0.02099103452,"16,522.80",5.47,,0.00,4.25,0,0,,ビンゴ アプリ,4,3.8,+0.2
column,22368,https://good-apps.jp/media/column/22368,"未分類, 電子マネー・決済, ファイナンス・マネー",【[Y]年最新】割り勘アプリおすすめランキング4選【幹事必見】,106.40,110.00,10.40,0.09454545455,"2,112.20",90.20,0.04270428937,"6,821.60",4.24,,0.00,16.6,0,0,,割り勘アプリ,2.6,2.3,+0.3
column,8691,https://good-apps.jp/media/column/8691,"ツール, メモ帳・ノート, ビジネス・仕事, タスク管理",無料付箋アプリおすすめ15選！ホーム画面にウィジェット表示｜人気,98.20,108.20,50.20,0.4639556377,"3,571.40",71.80,0.02010416083,"20,410.80",6.72,,0.00,,,0,,付箋アプリ,4.7,4.3,+0.4
column,321,https://good-apps.jp/media/column/321,"ゲーム, ツール, 広告ブロック, RPG, アドベンチャーゲーム, パズルゲーム, パーティーゲーム",【[Y]年最新】広告なしでスマホアプリを楽しもう！おすすめ一覧,95.20,106.20,9.20,0.08662900188,"6,882.40",78.60,0.01142043473,"42,014.20",7.12,,0.00,125,0,0,,ゲーム 広告 ブロック,2.2,2.2,+0.0
column,19377,https://good-apps.jp/media/column/19377,"スケジュール・カレンダー, ライフスタイル",【[Y]】iphoneカレンダーアプリおすすめ人気ランキング6選,98.40,103.20,31.20,0.3023255814,"2,382.40",64.00,0.02686366689,"16,673.40",8.00,127.00,1.23,36.6,0.4,0.01282051282,,スケジュール アプリ iphone,1.9,3.6,-1.6
column,12951,https://good-apps.jp/media/column/12951,"ゲーム, 育成ゲーム",【[Y]】面白い農場ゲームアプリ5選｜無料｜のんびり楽しもう,97.20,101.80,26.00,0.2554027505,"4,712.20",75.80,0.01608590467,"25,362.80",6.38,,0.00,37,0,0,,のんびり 農園ゲーム 無料,2.9,3.4,-0.5
column,8905,https://good-apps.jp/media/column/8905,"エンターテインメント, 漫画・読書",【[Y]年最新】朗読アプリおすすめランキング10選,94.80,101.00,27.00,0.2673267327,"4,145.80",65.80,0.01587148439,"21,687.80",6.24,"1,600.00",15.84,34.2,4,0.1481481481,,本 読み上げ,1.2,1.7,-0.4
column,14383,https://good-apps.jp/media/column/14383,"ゲーム, 脳トレ",【[Y]年最新】脳トレアプリおすすめランキング10選,92.60,98.20,29.00,0.2953156823,"5,556.20",74.40,0.01339044671,"37,761.20",7.79,600.00,6.11,47.8,0.2,0.006896551724,,脳トレアプリ おすすめ,1.9,3.3,-1.5
column,8243,https://good-apps.jp/media/column/8243,"通話, 通信・SNS, ビジネス・仕事, 書類管理",【[Y]年】電話帳（アドレス帳）アプリおすすめランキング10選,89.00,97.60,29.00,0.2971311475,"4,341.80",64.00,0.01474043024,"24,385.80",6.62,,0.00,12.8,0,0,,電話帳アプリ,4,4.6,-0.6
column,9724,https://good-apps.jp/media/column/9724,"ツール, 目覚まし・アラーム, ライフスタイル, 時計・タイマー",【無料】人気のおすすめ時計アプリ10選！大きい＆見やすい,86.80,97.40,13.80,0.1416837782,"8,570.80",73.60,0.008587296402,"51,652.20",7.03,,0.00,2,0,0,,時計アプリ,8.2,7.4,+0.7
column,219,https://good-apps.jp/media/column/219,"ツール, スマホ活用",ホーム画面のアプリをスッキリまとめる方法を解説,90.00,96.80,0.00,0,"2,839.60",57.60,0.02028454712,"16,444.60",6.81,,0.00,,,0,,アプリをまとめる,2,2.2,-0.2
column,20155,https://good-apps.jp/media/column/20155,"エンターテインメント, 漫画・読書",【[Y]年】携帯で小説が読めるアプリおすすめ13選｜無料&amp;人気,91.60,96.60,27.80,0.2877846791,"4,277.00",72.40,0.0169277531,"23,874.40",6.59,400.00,4.14,44.8,0.6,0.02158273381,,携帯で小説を読む 無料,2.5,2.2,+0.3
column,9374,https://good-apps.jp/media/column/9374,"ゲーム, パズルゲーム",数独（ナンプレ）おすすめ無料アプリ10選｜広告なし｜ゲーム｜初級,82.40,95.60,19.20,0.2008368201,"5,640.20",76.20,0.01351015921,"41,352.60",8.33,320.00,3.35,31.2,0.4,0.02083333333,,数独 アプリ 無料 広告なし,3.6,3.8,-0.1
column,18143,https://good-apps.jp/media/column/18143,"勉強, 勉強サポート",手書きやカメラで！漢字検索アプリおすすめランキング5選【[Y]】,85.20,94.40,24.00,0.2542372881,"15,923.20",59.00,0.00370528537,"84,023.40",6.26,,0.00,23.4,0,0,,漢字検索,6.6,6.9,-0.2
column,9959,https://good-apps.jp/media/column/9959,"フリマ・オークション, ショッピング, ショッピング・オークション",【[Y]年最新】ファッションアプリおすすめランキング10選,86.40,92.00,8.80,0.09565217391,"2,615.60",70.20,0.0268389662,"14,589.20",6.61,196.00,2.13,5,0.2,0.02272727273,,服 アプリ,2.3,2.5,-0.1
column,6423,https://good-apps.jp/media/column/6423,"カラオケ, エンターテインメント",無料カラオケアプリおすすめランキング11選｜曲数と機能を徹底比較,84.60,89.60,25.20,0.28125,"6,891.00",57.60,0.008358728777,"43,391.00",7.30,,0.00,12.8,0,0,,カラオケアプリ おすすめ,5.7,6.3,-0.6
column,8660,https://good-apps.jp/media/column/8660,"アウトドア, レンタカー, 駐車場, ライフスタイル, 交通・移動",【[Y]年最新】駐車場アプリおすすめランキング10選,85.60,88.60,32.00,0.3611738149,"2,910.00",58.00,0.01993127148,"14,479.40",6.00,480.00,5.42,18.6,1.8,0.05625,,駐車場 アプリ,4.4,4.7,-0.3
column,23566,https://good-apps.jp/media/column/23566,"写真編集／加工, 写真・動画",【[Y]】写真を動かすアプリおすすめ人気ランキング5選,80.40,87.60,31.40,0.3584474886,"2,366.40",53.20,0.02248140636,"12,216.40",6.16,,0.00,35.2,0,0,,写真を動かすアプリ,3.2,2.5,+0.7
column,10699,https://good-apps.jp/media/column/10699,"ツール, 計測ツール",【[Y]年最新】温度計・湿度計アプリおすすめ12選｜無料＆人気,79.80,87.40,30.20,0.3455377574,"7,063.40",60.80,0.00860775264,"31,006.60",5.39,,0.00,,,0,,温度計アプリ,3.7,3.4,+0.3
column,10574,https://good-apps.jp/media/column/10574,"音楽, エンターテインメント, 楽器",【無料】メトロノームアプリおすすめランキング10選,80.20,87.20,28.80,0.3302752294,"7,105.20",61.40,0.008641558295,"35,462.60",5.99,,0.00,5.8,0,0,,メトロノームアプリ,5.6,6,-0.4
column,24213,https://good-apps.jp/media/column/24213,"ツール, AI",【[Y]年無料】最新AIアプリおすすめ10選｜生成AI,78.00,86.00,22.80,0.2651162791,"3,065.60",51.80,0.01689718163,"21,243.00",7.95,,0.00,59.2,0,0,,aiアプリ おすすめ,7.1,4,+3.1
column,7324,https://good-apps.jp/media/column/7324,"ビジネス・仕事, 会議・セミナー, 書類管理",【[Y]年最新】文字起こしアプリおすすめランキング11選￤無料,82.80,85.60,16.00,0.1869158879,"4,462.40",43.00,0.009636070276,"47,237.00",11.70,,0.00,2.5,0,0,,文字起こし アプリ おすすめ,3.8,3.8,0
column,7241,https://good-apps.jp/media/column/7241,"英語学習, 勉強, 勉強サポート",【徹底比較】無料の単語帳アプリおすすめ一覧,84.20,84.60,16.40,0.1938534279,"5,332.20",60.20,0.0112898991,"30,805.20",6.78,,0.00,87,0,0,,単語帳 アプリ,6.2,5.7,+0.5
column,9947,https://good-apps.jp/media/column/9947,"ゲーム, ボードゲーム, パーティーゲーム",【[Y]年最新】人生ゲームアプリおすすめランキング10選,78.00,82.40,11.40,0.1383495146,"1,830.20",75.20,0.04108840564,"14,024.00",8.75,"1,200.00",14.56,3.25,0.25,0.02192982456,,人生ゲーム アプリ,1.4,1.9,-0.5
column,15634,https://good-apps.jp/media/column/15634,"名刺管理, ビジネス・仕事",【無料】名刺作成アプリおすすめランキング5選｜自分でデザイン,78.20,79.60,37.20,0.4673366834,"5,185.80",52.20,0.01006594932,"37,773.40",8.27,,0.00,53.4,0,0,,名刺作成アプリ,7,6.8,+0.2
column,19041,https://good-apps.jp/media/column/19041,"翻訳, 勉強",【[Y]】無料翻訳アプリおすすめ人気ランキング5選,76.20,78.40,27.80,0.3545918367,"6,449.20",25.40,0.003938472989,"46,409.60",8.20,,0.00,39.8,0,0,,翻訳アプリ無料ランキング,4.5,4.5,+0.1
column,5933,https://good-apps.jp/media/column/5933,"ビジネス・仕事, タスク管理",ToDo・タスク管理アプリおすすめ10選【[Y]】選び方も解説,73.60,75.80,12.00,0.1583113456,"3,121.40",43.80,0.01403216505,"30,163.20",10.64,,0.00,3.4,0,0,,タスク管理 アプリ,8.8,7.9,+0.8
column,10145,https://good-apps.jp/media/column/10145,"ラジオ, エンターテインメント",【無料】ポッドキャストアプリおすすめ20選｜Podcast,67.60,75.00,13.60,0.1813333333,"2,788.60",53.80,0.01929283511,"14,089.40",6.07,,0.00,3.2,0,0,,ポッドキャスト アプリ,3.3,2.8,+0.5
column,19998,https://good-apps.jp/media/column/19998,"ライフスタイル, 防災",【[Y]年】監視カメラアプリおすすめランキング3選【無料・比較】,67.80,73.40,23.80,0.3242506812,"3,112.40",51.00,0.01638606863,"17,230.60",6.54,,0.00,30,0,0,,防犯カメラ アプリ,3.7,3.3,+0.4
column,8946,https://good-apps.jp/media/column/8946,"ライフスタイル, 料理",【[Y]】献立アプリおすすめランキング14選｜無料｜毎日ラクに,58.20,72.40,21.20,0.2928176796,"4,760.80",39.40,0.008275920013,"29,061.00",7.10,640.00,8.84,15.6,0.4,0.01886792453,,献立アプリ無料 人気,3,2.8,+0.2
column,2809,https://good-apps.jp/media/column/2809,"ニュース, ニュース・天気",【[Y]】経済ニュースアプリおすすめランキング！ビジネスマン必見,67.40,72.40,16.40,0.226519337,"2,386.40",54.00,0.02262822662,"12,628.80",6.28,"1,459.20",20.15,14.6,5.6,0.3414634146,,経済ニュース アプリ,3.9,3.9,0
column,253,https://good-apps.jp/media/column/253,"ツール, スマホ活用",Android端末でのデフォルトアプリ設定【常時or1回だけ】設定方法と解除方法,64.60,71.20,0.00,0,"2,691.00",52.80,0.01962095875,"16,250.20",7.06,,0.00,,,0,,5ちゃんねる アプリ,3.6,3.6,+0.0
column,11502,https://good-apps.jp/media/column/11502,"ダイエット, 健康管理, 筋トレ, ヘルスケア",[Y]｜フィットネスアプリおすすめランキング12選｜無料＆人気,65.00,70.80,20.00,0.2824858757,"2,911.60",41.00,0.01408160462,"19,755.60",7.80,,0.00,6.2,0,0,,トレーニング アプリ,3.9,4.5,-0.6
column,19088,https://good-apps.jp/media/column/19088,"通話, 通信・SNS",通話録音アプリのおすすめ人気ランキング！高音質で安心通話,58.80,68.60,31.00,0.4518950437,"3,301.00",45.00,0.01363223266,"21,212.80",7.45,,0.00,42.8,0,0,,android 通話録音アプリ 無料 おすすめ,2.7,2.5,+0.2
column,9557,https://good-apps.jp/media/column/9557,"ツール, 時計・タイマー",【無料】おすすめタイマー・ストップウォッチアプリランキング10選【[Y]年最新】,62.20,68.00,15.20,0.2235294118,"3,307.00",55.40,0.01675234351,"19,117.60",6.78,,0.00,,,0,,タイマーアプリ,7.3,6.4,+0.9
column,5814,https://good-apps.jp/media/column/5814,"ラジオ, エンターテインメント",【[Y]年最新】ラジオアプリおすすめランキング,63.40,67.60,13.60,0.201183432,"4,487.00",41.20,0.009182081569,"32,528.60",8.25,,0.00,,,0,,ラジオ アプリ,6.7,6.3,+0.4
column,5187,https://good-apps.jp/media/column/5187,"乗り換え案内, 地図・ナビゲーション",【[Y]】乗り換え案内アプリおすすめランキング【無料・人気】,62.60,67.20,11.80,0.1755952381,"5,640.60",42.80,0.007587845265,"79,133.80",14.86,420.00,6.25,54.6,0.2,0.01694915254,,乗換案内アプリ,9.4,9.2,+0.2
column,18610,https://good-apps.jp/media/column/18610,"位置情報・GPS, 地図・ナビゲーション",散歩やドライブ、登山に！無料おすすめGPSロガーアプリ7選,61.20,66.40,17.40,0.2620481928,"2,194.40",41.40,0.01886620489,"13,802.20",7.27,,0.00,28.2,0,0,,gpsロガー アプリ,3,3.1,-0.1
column,8680,https://good-apps.jp/media/column/8680,"ツール, イラスト・デザイン",【[Y]年最新】ロゴ作成アプリおすすめランキング10選,62.40,65.80,22.20,0.3373860182,"4,307.60",48.60,0.01128238462,"43,471.80",11.06,,0.00,,,0,,ロゴ作成アプリ,5.3,5.1,+0.2
column,5547,https://good-apps.jp/media/column/5547,"電子マネー・決済, ファイナンス・マネー",おすすめスマホ電子マネーアプリランキング[Y]年【比較表つき】,63.60,64.80,2.00,0.03086419753,"1,389.80",30.80,0.02216146208,"27,895.80",20.25,,0.00,7.4,0,0,,電子マネー 初心者 おすすめ,1.8,1.9,-0.1
column,14812,https://good-apps.jp/media/column/14812,"ツール, イラスト・デザイン",【[Y]年最新】お絵描き・イラストアプリおすすめランキング8選,61.40,64.00,16.20,0.253125,"5,441.80",45.40,0.008342827741,"44,352.60",9.14,,0.00,30,0,0,,お絵描きアプリ,7.3,7.7,-0.5
column,19109,https://good-apps.jp/media/column/19109,"カメラ, 写真・動画",【[Y]】写真をイラストにするアプリおすすめ人気ランキング6選,61.40,63.80,29.20,0.4576802508,"4,673.40",46.20,0.009885736295,"34,862.20",8.47,812.00,12.73,40.4,7.4,0.2534246575,,写真をイラストにするアプリ 無料,6.3,5.7,+0.6
column,19959,https://good-apps.jp/media/column/19959,"ツール, スマホ活用",【[Y]】Apple Watchアプリおすすめ人気ランキング,62.40,63.20,1.40,0.02215189873,"3,668.20",45.00,0.01226759719,"23,193.60",7.33,,0.00,5,0,0,,apple watch 神アプリ,4.2,4.5,-0.3
column,6056,https://good-apps.jp/media/column/6056,"カロリー計算, 睡眠, ウォーキング, ランニング, 健康管理, ライフスタイル, ヘルスケア",【[Y]年版】みんなにおすすめのヘルスケアアプリランキング,57.00,62.20,11.40,0.1832797428,"3,698.40",45.40,0.01227557863,"21,850.40",6.93,220.00,3.54,37.4,0.8,0.0701754386,,健康管理 アプリ,6.1,4.6,+1.5
column,14849,https://good-apps.jp/media/column/14849,"天気予報, ニュース・天気",【[Y]年最新】天気予報アプリおすすめランキング5選,56.20,60.80,12.40,0.2039473684,"9,080.20",34.00,0.003744410916,"66,070.80",8.33,396.00,6.51,22,0.2,0.01612903226,,信用度 の高い 天気予報アプリ 無料,7.1,7.5,-0.4
column,15637,https://good-apps.jp/media/column/15637,"ダイエット, ヘルスケア",無料｜体重管理アプリおすすめランキング8選｜シンプルで使いやすい,52.20,60.60,28.80,0.4752475248,"5,787.40",41.20,0.007118913502,"29,700.40",6.13,588.00,9.70,39.8,2.6,0.09027777778,,体重管理アプリ,6.7,7,-0.3
column,11815,https://good-apps.jp/media/column/11815,"写真編集／加工, 写真・動画",決定版｜女性化（女装）・男性化（男装）性転換アプリおすすめ8選,57.80,59.80,13.60,0.2274247492,"1,496.20",47.80,0.03194760059,"13,054.00",9.76,,0.00,11,0,0,,男が女になるアプリ 無料,3,2.9,+0.0
column,7283,https://good-apps.jp/media/column/7283,"ツール, カメラ, 証明写真, 写真・動画",【無料】自宅で簡単に撮れる！証明写真アプリのおすすめランキング,57.20,59.40,18.40,0.3097643098,"4,549.40",39.80,0.008748406383,"40,483.40",9.90,,0.00,23.8,0,0,,証明写真 アプリ,9.6,9.7,-0.1
column,6030,https://good-apps.jp/media/column/6030,"航空券, 交通・移動",【国内/海外】おすすめの航空券予約サイト・アプリ比較！最安値の飛行機を見つけるコツ,54.80,59.20,14.20,0.2398648649,"4,613.00",36.00,0.007804032083,"104,017.40",23.07,"4,110.00",69.43,137.6,7.6,0.5352112676,,航空券 アプリ,2.3,2.1,+0.2
column,5771,https://good-apps.jp/media/column/5771,"カーナビ, 地図・ナビゲーション",カーナビアプリおすすめ人気10選｜無料＆オフラインも｜[Y]年,55.40,58.80,9.40,0.1598639456,"2,744.20",32.40,0.01180671963,"24,876.80",10.11,252.00,4.29,4.6,0.2,0.02127659574,,カーナビアプリ オフライン,2.7,4.8,-2.1
column,8040,https://good-apps.jp/media/column/8040,"エンターテインメント, 動画配信サービス",【[Y]年】アニメ動画サブスクおすすめアプリ17選｜比較｜無料,54.20,58.40,8.00,0.1369863014,"3,742.80",38.20,0.01020626269,"26,570.20",8.12,,0.00,,,0,,アニメ アプリ,4,3.7,+0.3
column,18766,https://good-apps.jp/media/column/18766,"カメラ, 写真・動画",【フィルムカメラ風】スマホで簡単にレトロな写真を再現！Z世代必見のアプリ5選！,54.60,57.80,11.00,0.1903114187,"2,061.60",42.20,0.02046953822,"12,997.40",7.33,,0.00,27.4,0,0,,フィルムカメラ アプリ,4.1,4,+0.0
column,12831,https://good-apps.jp/media/column/12831,"コスメ, ダイエット, ヘアスタイル, ヘルスケア, 美容・おしゃれ",垢抜けたい！女子力を向上させるアプリおすすめ10選！自分磨きにも,52.20,57.00,16.00,0.2807017544,"1,764.20",46.80,0.02652760458,"8,576.80",5.95,455.00,7.98,139.8,2.6,0.1625,,人気アプリ 女子,1.5,1.9,-0.4
column,13929,https://good-apps.jp/media/column/13929,"家計簿, ライフスタイル",【[Y]年無料】夫婦やカップル必見！おすすめの共有家計簿アプリ,50.00,56.40,8.00,0.1418439716,"4,102.40",38.60,0.009409126365,"27,247.40",7.62,506.67,8.98,10.2,0.8,0.1,,家計簿アプリ 共有 夫婦 無料,4.2,4.9,-0.7
column,23678,https://good-apps.jp/media/column/23678,"写真編集／加工, 写真・動画",変顔フィルターが活用できるアプリおすすめ3選！無料で加工を楽しもう,50.40,55.60,14.00,0.2517985612,"2,514.80",40.40,0.01606489582,"14,016.00",6.58,175.00,3.15,17,0.6,0.04285714286,,変顔アプリ,4.2,3.8,+0.3
column,21901,https://good-apps.jp/media/column/21901,"英語学習, 勉強",【[Y]】英語辞書アプリおすすめ人気ランキング5選,49.80,55.00,13.00,0.2363636364,"3,254.40",35.40,0.01087758112,"19,240.60",6.91,,0.00,19.4,0,0,,英語 辞書アプリ,5.8,4.8,+1.0
column,22455,https://good-apps.jp/media/column/22455,"未分類, 写真編集／加工, 写真・動画",【[Y]】プロ並みの写真が撮れる高画質カメラアプリおすすめ3選,41.40,54.80,21.00,0.3832116788,"1,804.00",42.60,0.02361419069,"12,389.00",7.87,,0.00,22.8,0,0,,iphone カメラ アプリ 一眼レフ,6.3,4.8,+1.6
column,11318,https://good-apps.jp/media/column/11318,"ゲーム, パーティーゲーム, 脳トレ",【無料】おすすめの四字熟語クイズ・ゲームアプリ6選,45.80,53.60,5.00,0.09328358209,"6,993.20",36.60,0.005233655551,"22,737.60",5.03,,0.00,2,0,0,,四字熟語アプリ,3.6,3.6,+0.0
column,7240,https://good-apps.jp/media/column/7240,"ゲーム, ボードゲーム",【人気】無料で遊べる麻雀ゲームアプリおすすめ7選【[Y]年】,48.60,53.20,16.60,0.3120300752,"3,758.80",35.20,0.009364690859,"35,123.80",10.35,,0.00,28.2,0,0,,麻雀ゲーム おすすめ 無料,9,8.3,+0.7
column,8239,https://good-apps.jp/media/column/8239,"アウトドア, ライフスタイル, ヘルスケア, スポーツ",【[Y]年最新】ゴルフスコアアプリおすすめランキング9選,48.80,53.00,12.00,0.2264150943,"1,446.40",30.00,0.02074115044,"10,123.20",8.10,,0.00,28.4,0,0,,ゴルフスコアアプリ,5.4,4.8,+0.6
column,476,https://good-apps.jp/media/column/476,"ライフスタイル, スキルアップ, 勉強, 勉強サポート",完全無料！iPadでできる初心者向けタイピング練習アプリ５選！,49.60,52.40,3.60,0.06870229008,790.60,44.20,0.05590690615,"8,410.00",11.63,,0.00,,,0,,ipad タイピング練習,1.2,1.5,-0.4
column,24089,https://good-apps.jp/media/column/24089,"アウトドア, ライフスタイル",【夜空にかざすだけ！】無料の星座アプリおすすめ一覧｜[Y]年,47.20,52.00,14.60,0.2807692308,"2,594.80",29.00,0.01117619855,"13,374.60",6.37,,0.00,27.8,0,0,,星座 アプリ 空にかざす 無料,3,3,+0.0
column,9903,https://good-apps.jp/media/column/9903,"ゲーム, パーティーゲーム",【[Y]年】無料ルーレットアプリおすすめランキング10選,48.20,52.00,4.60,0.08846153846,"3,726.00",50.20,0.01347289318,"26,748.00",8.19,,0.00,,,0,,ルーレット無料アプリ,6.4,5.9,+0.6
column,5660,https://good-apps.jp/media/column/5660,"目覚まし・アラーム, ライフスタイル",【無料】快適に起床！目覚まし・アラームアプリおすすめランキング,48.80,51.60,12.00,0.2325581395,"4,723.80",41.20,0.008721791778,"28,304.60",6.99,,0.00,5.75,0,0,,目覚ましアプリ,6,5.5,+0.5
column,314,https://good-apps.jp/media/column/314,"ニュース, ニュース・天気",【[Y]年】おすすめのニュース読み上げアプリ10選【iphone/Android】,44.40,50.60,15.00,0.2964426877,"1,777.00",35.80,0.02014631401,"9,812.00",6.56,,0.00,27,0,0,,ニュース 読み上げ,3.1,2.5,+0.6
column,23484,https://good-apps.jp/media/column/23484,"ポイ活, ファイナンス・マネー",ゲームでポイ活できる！初心者にもおすすめアプリ人気ランキング,44.00,50.20,5.60,0.1115537849,"2,098.80",35.80,0.01705736611,"15,091.80",8.21,710.00,14.14,10.6,1.4,0.25,,ポイ活 ゲーム,9.5,8,+1.5
column,10722,https://good-apps.jp/media/column/10722,"アウトドア, ライフスタイル",【[Y]】釣り情報アプリおすすめランキング11選｜無料｜海釣り,44.60,48.60,18.60,0.3827160494,"1,063.00",34.80,0.03273753528,"4,991.40",5.72,,0.00,7,0,0,,釣り アプリ,3.8,2.9,+0.9
column,22577,https://good-apps.jp/media/column/22577,"ツール, 計測ツール",照度計アプリおすすめランキング3選｜iPhone・Android,43.40,48.00,20.20,0.4208333333,"2,138.60",32.80,0.01533713644,"8,096.80",4.81,,0.00,15.8,0,0,,照度 アプリ 無料 iphone,2.9,3.4,-0.4
column,18599,https://good-apps.jp/media/column/18599,"カメラ, 写真・動画",【無料】100倍ズームでも高画質！おすすめズームカメラアプリ3選,38.20,47.80,29.00,0.6066945607,"1,519.40",29.40,0.01934974332,"7,921.20",6.26,,0.00,22.2,0,0,,望遠鏡 アプリ - android 無料,2,2,+0.0
column,16154,https://good-apps.jp/media/column/16154,"旅行, ライフスタイル",【[Y]年最新】海外旅行アプリおすすめランキング10選,43.20,47.60,9.80,0.2058823529,"1,670.40",36.60,0.02191091954,"7,720.80",5.63,,0.00,22.2,0,0,,海外旅行 アプリ,3.9,5,-1.1
column,5298,https://good-apps.jp/media/column/5298,"ゲーム, カードゲーム",【[Y]年】無料で楽しめる！人気のソリティアアプリおすすめランキング,39.00,47.40,12.60,0.2658227848,"5,113.00",36.00,0.007040876198,"29,171.20",6.71,,0.00,41.2,0,0,,ソリティア 無料 人気,4.2,4.5,-0.3
column,8136,https://good-apps.jp/media/column/8136,"航空券, 旅行, ライフスタイル, 交通・移動",旅行計画に！旅のしおりアプリおすすめランキング｜無料＆印刷可能,45.00,47.20,3.40,0.07203389831,"4,541.40",28.00,0.006165499626,"40,010.60",9.82,,0.00,,,0,,旅のしおり アプリ 印刷できる,4.5,4.7,-0.2
column,16403,https://good-apps.jp/media/column/16403,"写真編集／加工, 写真・動画",コラージュアプリおすすめ7選！無料でおしゃれな写真を作成できる,43.60,46.60,15.20,0.3261802575,"3,874.00",31.40,0.008105317501,"34,020.40",9.80,210.00,4.51,20,0.6,0.03947368421,,コラージュ アプリ,6.3,5.9,+0.5
column,12045,https://good-apps.jp/media/column/12045,"エンターテインメント, 漫画・読書",【iPhone・Android別】おすすめの青空文庫アプリ,41.40,45.80,9.20,0.2008733624,919.00,37.00,0.04026115343,"4,470.00",5.86,,0.00,,,0,,青空文庫 アプリ,3,2.9,+0.1
column,5146,https://good-apps.jp/media/column/5146,"写真編集／加工, カメラ, 写真・動画",【無料】[Y]年流行りのおすすめカメラアプリ  iphone｜android,42.00,45.60,6.00,0.1315789474,"4,146.80",26.00,0.006269894859,"30,205.00",8.29,157.50,3.45,10.2,1.2,0.2,,盛れるカメラアプリ,5.6,5.4,+0.1
column,22414,https://good-apps.jp/media/column/22414,"未分類, ツール, 地図, 地図・ナビゲーション, 計測ツール",【無料】距離測定アプリおすすめランキング7選,42.00,44.60,14.80,0.331838565,"3,876.20",31.20,0.008049120272,"19,686.60",6.09,,0.00,24.2,0,0,,距離測定 無料,3.3,3.4,-0.1
column,18745,https://good-apps.jp/media/column/18745,"スケジュール・カレンダー, ライフスタイル",【[Y]】徹底比較！スケジュール共有ができるカレンダーアプリおすすめ人気ランキング,43.20,44.20,11.40,0.257918552,"2,581.60",31.60,0.01224047103,"23,018.20",9.90,,0.00,23.8,0,0,,カレンダー共有アプリ,6.8,6.3,+0.5
column,16863,https://good-apps.jp/media/column/16863,"英語学習, 勉強",【[Y]年版】英語勉強アプリおすすめランキング＆比較｜学習法も!,42.20,43.00,7.20,0.1674418605,"5,582.80",31.80,0.00569606649,"44,469.60",8.99,881.25,20.49,11,1.2,0.1666666667,,英語 アプリ おすすめ,5.8,8.2,-2.3
column,19062,https://good-apps.jp/media/column/19062,"地図, 位置情報・GPS, 地図・ナビゲーション",オフラインでも地図が見たい！旅好き必見のおすすめ地図アプリ5選,39.20,42.60,5.80,0.1361502347,"1,400.20",27.40,0.01956863305,"10,627.60",8.58,,0.00,21.6,0,0,,地図アプリ オフライン,1.6,1.8,-0.2
column,1246,https://good-apps.jp/media/column/1246,"ニュース, ニュース・天気",【[Y]年】完全無料あり！ニュースアプリおすすめランキング一覧,35.20,41.80,6.40,0.1531100478,"3,946.00",28.80,0.007298530157,"21,855.80",6.54,598.00,14.31,62.8,1.4,0.21875,,ニュースアプリ おすすめ,6.2,5.7,+0.5
column,9836,https://good-apps.jp/media/column/9836,"健康管理, ヘルスケア",【[Y]年最新】禁酒アプリおすすめ10選｜無料｜節約｜面白い,36.80,41.80,13.80,0.3301435407,"1,496.40",32.40,0.02165196472,"5,782.80",4.88,,0.00,3.2,0,0,,禁酒アプリ,3.6,2.9,+0.7
column,15617,https://good-apps.jp/media/column/15617,"音楽, エンターテインメント",【[Y]年】音楽検索アプリおすすめ5選｜BGM・鼻歌検索アプリ,41.00,41.60,14.60,0.3509615385,"5,786.00",27.00,0.004666436225,"40,302.20",8.00,,0.00,26.6,0,0,,音楽検索,9,9.9,-0.8
column,25326,https://good-apps.jp/media/column/25326,"ツール, ツール",5chアプリ完全ガイド｜特徴や選び方を徹底解説,36.60,41.40,22.60,0.5458937198,"1,993.40",31.80,0.01595264372,"11,831.00",6.91,,0.00,19.6,0,0,,5ちゃんねる アプリ,3.6,3.6,+0.0
column,22708,https://good-apps.jp/media/column/22708,"家計簿, ライフスタイル",マネーフォワードME無料と有料版の違いは？家計簿アプリの口座連携,33.60,39.80,0.80,0.02010050251,"1,516.20",22.80,0.01503759398,"8,961.20",6.89,380.00,9.55,1.25,0.25,0.3125,,マネーフォワード,4.8,5.3,-0.5
column,9136,https://good-apps.jp/media/column/9136,"ライフスタイル, スキルアップ",【[Y]】マンダラチャートアプリおすすめ14選｜無料｜自動作成,37.20,39.80,11.20,0.2814070352,"1,207.20",24.00,0.01988071571,"10,027.00",9.32,,0.00,,,0,,マンダラチャート テンプレート スマホ,1.1,1,+0.1
column,9385,https://good-apps.jp/media/column/9385,"ライフスタイル, リラックス",マインドフルネス・瞑想アプリおすすめ10選｜無料｜初心者｜日本語,35.80,39.80,13.00,0.3266331658,"2,052.40",27.80,0.01354511791,"9,951.00",5.85,,0.00,27.25,0,0,,瞑想アプリ 無料,3.5,3.4,+0.1
column,5093,https://good-apps.jp/media/column/5093,"地図, 地図・ナビゲーション",【[Y]年最新】おすすめ地図アプリランキング,34.80,39.60,4.20,0.1060606061,"3,255.80",24.20,0.007432888998,"24,206.60",8.44,,0.00,37.75,0,0,,地図アプリ,9.6,9.6,0
column,11577,https://good-apps.jp/media/column/11577,"エンターテインメント, 動画配信サービス",[Y]｜VRアプリおすすめランキング12選｜無料｜動画｜ゲーム,38.20,39.20,5.40,0.137755102,"1,823.40",26.20,0.01436876165,"11,055.80",7.12,,0.00,,,0,,vr アプリ,5.9,5.2,+0.8
column,24005,https://good-apps.jp/media/column/24005,"ポイ活, ファイナンス・マネー",PayPayが貯まる！ポイ活におすすめの人気アプリランキング,31.80,38.20,5.40,0.1413612565,"5,145.00",20.80,0.004042759961,"36,881.40",8.18,736.00,19.27,100,1,0.1851851852,,ポイ活 おすすめ paypay,4.4,3.7,+0.8
column,4580,https://good-apps.jp/media/column/4580,"ツール, メモ帳・ノート, ビジネス・仕事, タスク管理",【[Y]年最新】メモアプリおすすめランキング！無料＆使いやすい,33.40,37.60,13.00,0.3457446809,"2,479.60",21.20,0.008549766091,"23,590.80",10.51,,0.00,16.4,0,0,,メモアプリ,8.5,8.9,-0.4
column,18867,https://good-apps.jp/media/column/18867,"ツール, 計測ツール",【無料】時間計算アプリおすすめ5選！iPhone・Android,31.20,36.60,17.20,0.4699453552,"1,783.00",28.60,0.01604038138,"9,937.00",6.60,,0.00,24.2,0,0,,時間計算アプリ,3.5,3.6,-0.2
column,18396,https://good-apps.jp/media/column/18396,"家計簿, ライフスタイル",レシート読取りOKの家計簿アプリ！安全・無料のおすすめ8選,31.20,36.20,14.80,0.408839779,"2,215.20",24.40,0.01101480679,"18,221.60",9.25,506.67,14.00,19.2,0.8,0.05405405405,,家計簿アプリ 無料 安全 簡単,9.1,8.5,+0.6
column,6641,https://good-apps.jp/media/column/6641,"ツール, 日記",【[Y]年最新版】日記アプリのおすすめ7選,33.80,36.20,6.00,0.1657458564,"2,896.40",16.20,0.005593150117,"23,765.00",9.20,,0.00,1,0,0,,日記アプリ 買い切り,2.5,2.8,-0.3
column,20138,https://good-apps.jp/media/column/20138,"エンターテインメント, 楽器",【[Y]年】ギターチューニングアプリおすすめランキング！選び方解説,34.00,36.00,9.00,0.25,"2,505.40",24.80,0.009898618983,"10,088.40",5.02,,0.00,17.8,0,0,,ギターチューニングアプリ,4,4,-0.1
column,7765,https://good-apps.jp/media/column/7765,"ポイ活, ファイナンス・マネー",【[Y]年最新】アンケートアプリおすすめランキング厳選,31.60,35.20,10.80,0.3068181818,"1,430.60",23.20,0.0162169719,"11,703.20",9.14,727.00,20.65,39.6,1.8,0.1666666667,,アンケート アプリ,2.9,2.7,+0.2
column,18030,https://good-apps.jp/media/column/18030,"勉強, 語学学習",【[Y]年最新】 韓国好き必見！韓国語翻訳アプリおすすめランキング,32.80,35.20,8.60,0.2443181818,"3,037.00",21.60,0.007112281857,"22,503.20",8.43,,0.00,18.8,0,0,,韓国語 翻訳 アプリ,4.3,4.4,-0.1
column,14226,https://good-apps.jp/media/column/14226,"英語学習, 勉強",【[Y]年最新】英会話アプリおすすめランキング8選,34.60,34.80,6.60,0.1896551724,"1,176.80",8.40,0.00713800136,"23,271.00",20.93,833.33,23.95,8.4,1,0.1515151515,,英会話 アプリ,10.5,14.6,-4
column,18485,https://good-apps.jp/media/column/18485,"資産管理, ファイナンス・マネー",節約できる！おすすめ貯金アプリ6選【無料&amp;人気】,31.40,34.40,9.80,0.2848837209,"2,680.20",28.40,0.01059622416,"12,308.80",5.60,380.00,11.05,13.4,0.6,0.0612244898,,貯金アプリ 無料,3,2.6,+0.4
column,6065,https://good-apps.jp/media/column/6065,"睡眠, ライフスタイル",【無料&amp;人気】睡眠アプリおすすめランキング7選｜危険じゃないの？,32.20,34.20,5.80,0.1695906433,"3,905.20",21.00,0.005377445457,"30,765.00",8.92,,0.00,17.2,0,0,,睡眠アプリ おすすめ,7.1,6.8,+0.3
column,16329,https://good-apps.jp/media/column/16329,"マッチングアプリ, SNS, チャット, 通信・SNS, ライフスタイル",【無料&amp;安全】友達作りアプリおすすめ5選｜女性でも安心して使える,29.40,34.00,5.40,0.1588235294,"3,265.40",29.40,0.00900349115,"20,756.00",7.36,409.00,12.03,12.2,0.2,0.03703703704,,友達作り アプリ,5.7,5,+0.7
column,3676,https://good-apps.jp/media/column/3676,"ファイナンス・マネー, 株・FX, その他, アプリ解説",「FXなび」とは？使い方を徹底解説！良い評判、悪い評判の口コミもご紹介！,34.40,34.00,1.80,0.05294117647,"1,584.00",22.80,0.01439393939,"13,091.40",9.30,"1,920.00",56.47,4,1.333333333,0.7407407407,,fxナビ 危ない,1.6,1.6,+0.0
column,13036,https://good-apps.jp/media/column/13036,"家計簿, ライフスタイル",家計簿アプリの危険性について解説！無料でも安全に使う方法はある？,30.00,33.40,1.60,0.04790419162,"2,198.20",26.00,0.01182785916,"11,809.20",6.36,380.00,11.38,3.5,0.25,0.15625,,資産管理 アプリ 怖い,2.3,1.8,+0.5
column,18101,https://good-apps.jp/media/column/18101,"就活・転職, ビジネス・仕事",【[Y]】履歴書作成アプリおすすめ人気ランキング4選,30.20,33.40,17.00,0.5089820359,"2,623.00",20.60,0.007853602745,"19,897.00",8.55,,0.00,20.4,0,0,,履歴書 スマホで作成 おすすめ,5.1,4.8,+0.2
column,18118,https://good-apps.jp/media/column/18118,"ツール, イラスト・デザイン",【[Y]】塗り絵アプリおすすめ人気ランキング5選,31.40,33.20,7.00,0.2108433735,"1,363.80",26.20,0.01921102801,"8,171.40",6.99,,0.00,12.8,0,0,,塗り絵アプリ,3.4,3.6,-0.2
column,21670,https://good-apps.jp/media/column/21670,"コスメ, カメラ, 写真・動画, 美容・おしゃれ",【[Y]】顔診断アプリおすすめランキング！種類や選び方を徹底解説,31.40,33.00,8.60,0.2606060606,"1,414.80",28.40,0.02007350862,"11,342.80",9.04,,0.00,41.8,0,0,,似ている芸能人 診断 サイト 安全,2.4,2.9,-0.5
column,10217,https://good-apps.jp/media/column/10217,"エンターテインメント, 公営ギャンブル",【無料】競輪アプリおすすめ10選 | お得なキャンペーンや結果予想も！,29.60,32.80,7.20,0.2195121951,"3,245.20",21.60,0.006655984223,"18,275.80",6.67,892.50,27.21,7.2,0.4,0.05555555556,,競輪アプリ,5.3,5.7,-0.3
column,266,https://good-apps.jp/media/column/266,"ツール, スマホ活用",【iPhone & Android】アプリバージョンの確認方法,32.20,32.60,0.00,0,"1,475.40",22.60,0.0153178799,"8,581.20",6.85,,0.00,,,0,,アプリ バージョン 確認,2.3,2.3,+0.1
column,300,https://good-apps.jp/media/column/300,"ニュース, ライフスタイル, スキルアップ, ニュース・天気",【厳選】ビジネスマンなら絶対入れておきたいおすすめニュースアプリランキング,26.80,31.20,4.80,0.1538461538,893.40,24.60,0.02753525856,"7,467.80",9.35,344.00,11.03,155.8,1.4,0.2916666667,,社会人 ニュース おすすめ,3.4,3.4,-0.1
column,19777,https://good-apps.jp/media/column/19777,"ゲーム, パーティーゲーム",【[Y]年】謎解き好き必見！脱出ゲームアプリおすすめランキング,30.80,31.00,2.00,0.06451612903,"1,846.20",28.60,0.01549127938,"15,936.60",9.61,,0.00,16,0,0,,脱出ゲーム アプリ,7.6,7.1,+0.6
column,21165,https://good-apps.jp/media/column/21165,"ツール, ツール",猫語翻訳アプリおすすめランキング！猫の気持ちが丸わかり,29.20,30.40,12.80,0.4210526316,"1,274.00",18.20,0.01428571429,"6,496.60",6.13,,0.00,17.2,0,0,,猫語翻訳,6.8,6.3,+0.5
column,25155,https://good-apps.jp/media/column/25155,"ツール, イラスト・デザイン",【[Y]年無料】ファンサうちわアプリおすすめ一覧｜コンビニ印刷可能,28.20,30.40,15.60,0.5131578947,"1,347.00",25.80,0.01915367483,"49,068.20",29.36,210.00,6.91,26.4,0.6,0.03846153846,,ファンサうちわ アプリ,5.3,3.9,+1.4
column,9899,https://good-apps.jp/media/column/9899,"ビジネス・仕事, 会議・セミナー",【[Y]年最新】音声入力アプリおすすめランキング10選,28.40,30.20,6.80,0.2251655629,"1,643.80",17.80,0.01082856795,"13,681.20",9.36,,0.00,2,0,0,,音声入力アプリ,3.4,3.9,-0.5
column,8919,https://good-apps.jp/media/column/8919,"ツール, アウトドア, 位置情報・GPS, ライフスタイル, 地図・ナビゲーション, 計測ツール",【[Y]年最新】登山アプリおすすめランキング10選,28.20,30.00,5.20,0.1733333333,"1,011.20",18.60,0.01839398734,"8,021.40",8.95,,0.00,,,0,,登山 アプリ,6.2,7,-0.8
column,15018,https://good-apps.jp/media/column/15018,"ツール, スマホ活用",【[Y]年最新】ブラウザアプリおすすめランキング5選,27.80,29.80,4.80,0.1610738255,"2,459.80",23.60,0.009594275957,"21,920.20",9.91,,0.00,12.4,0,0,,ブラウザ おすすめ,9.1,8.6,+0.5
column,7652,https://good-apps.jp/media/column/7652,"ゲーム, テーマ別, シミュレーションゲーム, シューティングゲーム, RPG, パズルゲーム, その他",【[Y]年最新】絶対ハマる！面白いゲームアプリおすすめランキング,21.60,29.20,2.40,0.08219178082,"3,907.40",25.00,0.006398116395,"48,047.20",13.31,,0.00,100.4,0,0,,面白いゲーム,9,9,+0.1
column,7688,https://good-apps.jp/media/column/7688,"ゲーム, ポーカー, オンラインゲーム, エンターテインメント, カジノゲーム",無料カジノゲームアプリおすすめランキング｜カジノをアプリで楽しむ,24.80,29.00,4.80,0.1655172414,"3,503.00",21.00,0.005994861547,"64,020.00",19.31,,0.00,9,0,0,,稼げる カジノアプリ 無料,1.5,1.8,-0.2
column,11359,https://good-apps.jp/media/column/11359,"勉強, 勉強サポート",【自分で暗記帳作成】無料暗記アプリおすすめ一覧｜Androidも,26.00,28.60,5.00,0.1748251748,"1,623.60",20.00,0.012318305,"8,776.20",6.42,,0.00,,,0,,暗記アプリ 自分で作る,2.3,2.5,-0.1
column,797,https://good-apps.jp/media/column/797,"ニュース, ニュース・天気",【必見】無料でニュースが読める人気アプリ7選,24.80,28.40,4.60,0.161971831,"2,675.80",19.80,0.007399656178,"16,961.40",7.38,659.50,23.22,81.2,1.6,0.347826087,,ニュースアプリ 無料 おすすめ,5.3,6.5,-1.1
column,12957,https://good-apps.jp/media/column/12957,"エンターテインメント, 漫画・読書",無料｜読書記録アプリおすすめ5選｜デキる人はどうしてる？,27.40,28.00,2.60,0.09285714286,"2,246.20",16.80,0.007479298371,"15,855.80",8.08,,0.00,1.333333333,0,0,,読書記録 どうして る,2.4,2.4,-0.1
column,23517,https://good-apps.jp/media/column/23517,"未分類, ツール, ツール",【[Y]】Googleのおすすめ無料アプリ一覧！目的別に解説,25.40,27.60,2.00,0.07246376812,"2,535.20",13.60,0.005364468287,"21,222.60",9.48,,0.00,16.2,0,0,,無料アプリ一覧,8.4,8.2,+0.2
column,791,https://good-apps.jp/media/column/791,"英語学習, 勉強",【初心者向け】おすすめの英語聞き流しアプリ5選,26.20,27.00,5.40,0.2,"1,108.00",17.60,0.01588447653,"7,751.80",8.03,,0.00,2.333333333,0,0,,英語 聞き流しアプリ 初心者 無料,2.6,2.1,+0.5
column,5696,https://good-apps.jp/media/column/5696,"SNS, 通信・SNS",Twitter（X）アプリおすすめランキング｜人気｜無料【[Y]年】,24.80,25.80,3.20,0.1240310078,"1,369.60",24.60,0.0179614486,"12,900.00",10.75,,0.00,,,0,,twitter アプリ サードパーティ,1.1,1,+0.1
column,11943,https://good-apps.jp/media/column/11943,"ビジネス・仕事, 会議・セミナー",[Y]年最新｜議事録作成アプリおすすめ18選｜無料｜文字起こし,26.20,25.60,6.80,0.265625,833.80,8.20,0.009834492684,"9,263.00",12.20,,0.00,4.4,0,0,,議事録 アプリ,10.1,10,+0.1
column,8889,https://good-apps.jp/media/column/8889,"エンターテインメント, 漫画・読書",【[Y]年最新】電子書籍リーダーアプリおすすめランキング10選,24.40,25.40,2.20,0.08661417323,"2,183.40",15.40,0.007053219749,"27,861.20",13.82,,0.00,1.5,0,0,,電子書籍リーダー アプリ,2.2,2.1,+0.1
column,17978,https://good-apps.jp/media/column/17978,"写真編集／加工, 写真・動画",【[Y]】消しゴムマジック機能が使えるiPhoneアプリおすすめ6選,23.20,25.20,6.40,0.253968254,"2,164.80",16.80,0.007760532151,"13,624.20",7.31,,0.00,11.6,0,0,,消しゴムマジック iphone,9.4,10.3,-0.9
column,19826,https://good-apps.jp/media/column/19826,"写真編集／加工, カメラ, 写真・動画",【[Y]】面白カメラアプリおすすめ人気ランキング5選,22.60,24.20,3.60,0.1487603306,"1,728.20",17.40,0.01006827913,"8,726.60",6.08,140.00,5.79,8.8,0.2,0.05555555556,,面白いカメラアプリ無料,3.7,3.7,+0.0
column,13709,https://good-apps.jp/media/column/13709,"ライフスタイル, 料理",レシピアプリおすすめランキング6選｜無料＆人気｜献立を自動で作成,20.60,23.80,5.60,0.2352941176,"1,583.60",10.20,0.00644102046,"11,564.80",8.31,,0.00,16.2,0,0,,レシピ アプリ,5.7,8,-2.3
column,24255,https://good-apps.jp/media/column/24255,"アルバム, 写真・動画",【[Y]】写真共有アプリおすすめ人気ランキング5選,22.20,23.60,3.80,0.1610169492,"1,056.20",17.60,0.0166635107,"10,116.60",10.58,,0.00,7.4,0,0,,写真共有アプリ,7.7,6.8,+0.9
column,4686,https://good-apps.jp/media/column/4686,"写真編集／加工, 写真・動画",画像編集アプリおすすめランキング【無料・[Y]年】,20.20,23.40,5.40,0.2307692308,"2,455.40",9.40,0.003828296815,"37,082.20",16.09,140.00,5.98,9.2,0.6,0.1111111111,,画像編集アプリ おすすめ,6.5,6.9,-0.5
column,23115,https://good-apps.jp/media/column/23115,"ツール, ツール",懸賞アプリおすすめランキング！選び方や当選のコツ、危険性も解説,20.40,23.40,5.80,0.2478632479,"1,042.80",18.40,0.01764480245,"5,853.00",6.64,320.00,13.68,13.6,0.4,0.06896551724,,懸賞アプリ,5.8,4.1,+1.7
column,52,https://good-apps.jp/media/column/52,"エンターテインメント, 公営ギャンブル, その他, アプリ解説",スマホアプリ『スパット4』！ポイントを現金に交換する方法,19.20,22.80,0.80,0.0350877193,"2,248.00",15.20,0.006761565836,"11,786.20",6.77,,0.00,3,0,0,,ソリティア 無料 人気,4.2,4.5,-0.3
column,275,https://good-apps.jp/media/column/275,"ビジネス・仕事, 書類管理, その他, アプリ解説",【簡単】Documentsアプリの使い方！動画の保存もラクラクに！,21.80,22.60,0.60,0.02654867257,926.80,17.20,0.01855848079,"5,418.60",6.89,,0.00,,,0,,documents 使い方,2.7,2.4,+0.2
column,19097,https://good-apps.jp/media/column/19097,"ライブ配信, カラオケ, エンターテインメント",稼げる！カラオケ配信アプリおすすめ9選【違法じゃないの？】,20.80,22.40,6.40,0.2857142857,"1,387.80",18.60,0.01340250757,"10,040.60",8.24,,0.00,14.6,0,0,,カラオケ配信,5.7,7.3,-1.6
column,16871,https://good-apps.jp/media/column/16871,"メール, 通信・SNS",【[Y]】メールアプリおすすめ人気ランキング5選,21.00,22.40,4.20,0.1875,731.80,10.20,0.01393823449,"7,550.20",11.31,,0.00,13.8,0,0,,メールアプリ おすすめ,7.8,7.8,+0.0
column,12691,https://good-apps.jp/media/column/12691,"ファイナンス・マネー, 仮想通貨",【[Y]年最新】仮想通貨・ビットコインのおすすめアプリ12選,21.00,21.80,3.00,0.1376146789,"1,024.80",16.80,0.01639344262,"15,552.40",15.93,630.00,28.90,4.8,0.8,0.2666666667,,ビットコイン おすすめアプリ,6.1,1.9,+4.2
column,9089,https://good-apps.jp/media/column/9089,"ツール, スマホ活用, イラスト・デザイン",【完全無料】壁紙アプリおすすめ人気ランキング！推し壁紙の作り方,20.20,21.40,4.60,0.214953271,"2,863.20",19.00,0.006635931825,"26,936.00",10.43,,0.00,,,0,,無料壁紙人気ランキング,9.4,9.1,+0.3
column,596,https://good-apps.jp/media/column/596,"ツール, スマホ活用, 計測ツール",スマホのコンパスが動かない！動作しない時の対処法と基本の使い方,19.80,21.40,1.40,0.06542056075,"1,448.40",13.40,0.009251587959,"9,094.80",7.27,,0.00,,,0,,方位磁石,2.8,2,+0.8
column,23418,https://good-apps.jp/media/column/23418,ゲーム,【[Y]】これだけは外せないおすすめのハクスラゲームアプリ8選,20.00,21.20,0.40,0.01886792453,"1,855.40",18.00,0.009701412094,"16,055.00",9.62,,0.00,11.6,0,0,,ハクスラ,8.3,9.8,-1.5
column,3837,https://good-apps.jp/media/column/3837,"ツール, ニュース, 広告ブロック, ニュース・天気",広告なしでも使える？[Y]年無料ニュースアプリおすすめランキング,18.80,21.20,1.80,0.08490566038,636.80,15.60,0.02449748744,"3,495.20",6.52,,0.00,2.25,0,0,,ニュースアプリ 広告なし,1.4,1.4,0
column,14897,https://good-apps.jp/media/column/14897,"ライフスタイル, 防災",【[Y]年最新】最強の防災アプリおすすめランキング5選｜無料,19.80,21.20,4.60,0.2169811321,"1,277.60",10.40,0.008140262993,"10,685.00",9.35,,0.00,14.6,0,0,,最強の防災アプリ,3.8,4.9,-1.1
column,18984,https://good-apps.jp/media/column/18984,"カメラ, 写真・動画",【[Y]】自撮りアプリおすすめ人気ランキング6選,18.40,20.80,5.00,0.2403846154,"1,376.00",12.00,0.008720930233,"9,562.00",7.96,315.00,15.14,9,2.2,0.44,,自撮りアプリ,5.8,6.1,-0.3
column,4922,https://good-apps.jp/media/column/4922,"フリマ・オークション, ショッピング・オークション",【徹底比較】フリマアプリおすすめランキング！初心者向け・[Y],20.40,20.80,1.80,0.08653846154,"1,903.60",14.40,0.007564614415,"18,018.00",10.53,,0.00,76,0,0,,フリマアプリ 比較,4.7,4.8,-0.1
column,14288,https://good-apps.jp/media/column/14288,"写真・動画, 動画編集",【[Y]年最新】動画編集アプリおすすめランキング10選,19.80,20.40,2.40,0.1176470588,"1,352.40",7.80,0.005767524401,"26,540.40",20.59,,0.00,13.8,0,0,,動画編集アプリで一番人気なのは,4.2,3.9,+0.3
column,13470,https://good-apps.jp/media/column/13470,"筋トレ, ヘルスケア",【[Y]年】筋トレアプリおすすめランキング｜無料＆人気｜比較,20.00,20.40,3.40,0.1666666667,"2,831.80",14.60,0.005155731337,"18,616.40",7.58,,0.00,2,0,0,,筋トレ アプリ おすすめ,4.1,4.1,0
column,5525,https://good-apps.jp/media/column/5525,"ショッピング, ショッピング・オークション",【[Y]年】おすすめ通販アプリ＆ネットショッピングアプリ7選！,16.40,20.00,2.60,0.13,"2,396.60",14.00,0.005841608946,"17,618.00",8.39,,0.00,25.2,0,0,,ネット通販 安い ランキング,6,6.8,-0.8
column,6762,https://good-apps.jp/media/column/6762,"天気予報, ニュース・天気",現在地の雨雲をチェックしよう！雨雲レーダーアプリおすすめ7選【[Y]】,17.20,20.00,3.00,0.15,"2,122.80",11.80,0.005558696062,"12,961.00",7.21,396.00,19.80,1,0.3333333333,0.1111111111,,雨雲レーダー 現在地 アプリ,7.8,7.3,+0.5
column,16829,https://good-apps.jp/media/column/16829,"ポイ活, ファイナンス・マネー",【初心者必見】ポイ活をオススメしない理由。やめた方がいい人とは？,17.80,19.60,1.20,0.0612244898,"2,089.20",13.60,0.006509668773,"13,774.00",7.61,140.00,7.14,4.8,0.2,0.1666666667,,ポイ活おすすめしない,4,3.7,+0.3
column,6318,https://good-apps.jp/media/column/6318,"健康管理, ヘルスケア",【ピルの飲み忘れ・処方に！】体調管理におすすめのアプリランキング,17.00,18.80,4.00,0.2127659574,764.40,15.60,0.02040816327,"3,389.40",5.44,,0.00,1.2,0,0,,ピル 管理アプリ 無料,1.3,1,+0.3
column,20979,https://good-apps.jp/media/column/20979,"マッチングアプリ, ライフスタイル",ハッピーメールで業者や危険人物を避ける方法｜口コミ・評判,16.40,18.40,3.00,0.1630434783,"1,055.40",13.20,0.01250710631,"8,382.80",8.97,,0.00,3.4,0,0,,ハッピーメール 危険人物,2.9,2.7,+0.2
column,8610,https://good-apps.jp/media/column/8610,"エンターテインメント, 動画配信サービス",【[Y]】人気の動画配信サービス＆無料動画アプリを徹底比較,17.20,18.40,0.60,0.03260869565,"2,817.00",9.80,0.003478878239,"26,837.20",10.56,,0.00,31.4,0,0,,無料動画アプリ 一覧,4.3,4.7,-0.4
column,24862,https://good-apps.jp/media/column/24862,"チャット, 通信・SNS",【匿名で安全】愚痴を聞いてくれる！おすすめ愚痴アプリ一覧,16.80,18.00,2.20,0.1222222222,471.20,14.40,0.03056027165,"3,075.00",7.51,,0.00,36.2,0,0,,aiが 愚痴を聞いてくれるアプリ,4.4,3.4,+1.0
column,24686,https://good-apps.jp/media/column/24686,"ゲーム, シミュレーションゲーム",【無料&amp;人気】スマホで遊べるおすすめ乙女ゲームアプリ6選！最新作も,17.20,17.80,3.80,0.2134831461,524.40,13.20,0.02517162471,"7,765.20",15.82,,0.00,109.4,0,0,,乙女ゲーム スマホ 無料,2.7,2.6,+0.1
column,4173,https://good-apps.jp/media/column/4173,"ゲーム, テーマ別, ライブ配信, エンターテインメント, 放置ゲーム, ライフスタイル, リラックス, その他",【神】男性向け！無料＆おすすめ目の保養アプリ10選【[Y]年】,15.40,17.20,0.40,0.02325581395,695.60,11.40,0.01638872915,"8,644.00",13.96,,0.00,8.2,0,0,,グラビア アプリ,2.5,3.3,-0.8
column,22348,https://good-apps.jp/media/column/22348,"未分類, 写真編集／加工, 写真・動画",【無料/人気】[Y]年流行りの顔加工アプリおすすめ５選！,16.20,17.20,5.40,0.3139534884,"1,986.80",12.20,0.006140527481,"19,865.20",11.02,140.00,8.14,10.2,0.4,0.07407407407,,顔加工アプリ無料人気,6.6,6.3,+0.2
column,19974,https://good-apps.jp/media/column/19974,"ツール, メモ帳・ノート, 日記, 健康管理, ビジネス・仕事, タスク管理, ヘルスケア, 計測ツール",タイムスタンプアプリおすすめ3選｜iPhone・Android,15.40,17.20,6.20,0.3604651163,408.20,11.80,0.02890739833,"2,254.40",6.51,,0.00,17.4,0,0,,タイムスタンプ アプリ,1.8,1.8,+0.0
column,23166,https://good-apps.jp/media/column/23166,ゲーム,みんなで楽しめる！無料の雑学クイズアプリおすすめ人気ランキング4選,14.80,17.20,3.20,0.1860465116,961.40,15.40,0.01601830664,"6,297.80",7.53,,0.00,9.6,0,0,,クイズ アプリ,7,6.5,+0.5
column,22134,https://good-apps.jp/media/column/22134,"未分類, ゲーム, アドベンチャーゲーム",【[Y]】ドラクエアプリの人気おすすめランキング！スマホで冒険♪,15.60,16.80,1.80,0.1071428571,951.80,11.40,0.01197730616,"6,740.20",8.14,,0.00,26,0,0,,ドラクエ スマホ おすすめ,4.4,4.1,+0.3
column,13061,https://good-apps.jp/media/column/13061,"ツール, スマホ活用",iPhone&Androidのウィジェットアプリおすすめ10選！,15.80,16.80,1.60,0.09523809524,"1,063.20",12.80,0.01203912716,"9,070.80",9.49,,0.00,6.2,0,0,,ウィジェット おすすめ,7.3,7.2,+0.1
column,23040,https://good-apps.jp/media/column/23040,"ツール, 計測ツール",【[Y]】陣痛アプリおすすめ人気ランキング5選,16.00,16.60,2.60,0.156626506,"1,470.80",16.00,0.01087843351,"6,282.60",5.27,,0.00,7.4,0,0,,陣痛アプリ おすすめ,2,2,+0.0
column,19418,https://good-apps.jp/media/column/19418,"写真編集／加工, カメラ, ライフスタイル, 料理, 写真・動画",料理・食べ物カメラアプリおすすめランキング！写真加工のコツも解説,15.20,16.40,3.00,0.1829268293,"1,248.80",10.80,0.00864830237,"7,254.00",6.81,,0.00,29.8,0,0,,foodie アプリ 危険性,4.2,4,+0.3
column,13479,https://good-apps.jp/media/column/13479,"ゲーム, パズルゲーム",[Y]｜クロスワードパズルアプリおすすめランキング｜無料＆人気,14.60,16.00,2.60,0.1625,"2,010.40",12.80,0.006366892161,"10,737.40",6.34,,0.00,,,0,,クロスワードパズル 無料,7.1,6.7,+0.4
column,8670,https://good-apps.jp/media/column/8670,"健康管理, ヘルスケア",【[Y]年最新】オンライン診察アプリおすすめランキング10選,15.40,16.00,3.80,0.2375,516.00,8.20,0.01589147287,"6,299.00",13.23,583.33,36.46,5,1,0.2631578947,,オンライン診療 ランキング,1.4,1.9,-0.5
column,21483,https://good-apps.jp/media/column/21483,"マッチングアプリ, ライフスタイル",ハッピーメールでサクラを見抜く方法と特徴,14.20,16.00,0.20,0.0125,517.40,13.60,0.02628527252,"4,284.00",9.27,,0.00,1,0,0,,ハッピーメール サクラ,3.8,3.1,+0.7
column,4891,https://good-apps.jp/media/column/4891,"コスメ, ショッピング, ショッピング・オークション, 美容・おしゃれ",【[Y]年最新版】人気コスメアプリおすすめランキング,14.20,15.80,2.40,0.1518987342,976.80,11.40,0.01167076167,"15,870.40",17.75,175.00,11.08,72.5,0.5,0.2083333333,,コスメ アプリ 人気,2.7,2.3,+0.5
column,19146,https://good-apps.jp/media/column/19146,"位置情報・GPS, 地図・ナビゲーション",【[Y]】緯度経度アプリおすすめ人気ランキング4選,14.60,15.40,5.00,0.3246753247,565.00,13.20,0.02336283186,"4,807.40",9.53,,0.00,16,0,0,,緯度経度 変換 アプリ,2.4,2.4,+0.0
column,22669,https://good-apps.jp/media/column/22669,"写真編集／加工, 写真・動画",【[Y]】歯を白くするアプリおすすめ人気ランキング10選,15.80,15.40,6.00,0.3896103896,551.80,10.40,0.01884740848,"2,763.20",6.08,315.00,20.45,10,2,0.3333333333,,歯を白くするアプリ,3.3,3,+0.3
column,15621,https://good-apps.jp/media/column/15621,"ゲーム, オンラインゲーム",無料で遊べる！人気LINEゲームのおすすめ一覧｜ポイ活・パズル,13.40,15.20,3.60,0.2368421053,"1,075.40",11.00,0.01022875209,"9,282.80",9.68,,0.00,23.4,0,0,,ライン無料ゲーム脳トレ,2.1,2,+0.1
column,9941,https://good-apps.jp/media/column/9941,"スケジュール・カレンダー, 健康管理, ライフスタイル, ヘルスケア",排卵日が分かる！おすすめ無料【妊活アプリ】一覧｜夫婦で共有も,14.80,15.20,5.40,0.3552631579,"1,070.40",10.80,0.0100896861,"6,500.60",7.11,175.00,11.51,2.8,0.4,0.07407407407,,妊活アプリ 夫婦 おすすめ,4.5,4.7,-0.2
column,5264,https://good-apps.jp/media/column/5264,"ダイエット, ヘルスケア",【[Y]年】ダイエットアプリおすすめランキング5選！無料&人気,11.80,15.00,2.00,0.1333333333,"1,327.60",9.80,0.007381741488,"11,799.80",9.89,300.00,20.00,2.25,0.25,0.125,,ダイエット アプリ,9.3,10,-0.6
column,6372,https://good-apps.jp/media/column/6372,"ゲーム, カードゲーム",[Y]最新｜カードゲームアプリおすすめランキング11選｜TCG,12.80,14.80,1.80,0.1216216216,858.80,12.00,0.01397298556,"8,892.40",11.35,,0.00,1,0,0,,カードゲーム アプリ,8.3,9.1,-0.8
column,10571,https://good-apps.jp/media/column/10571,"勉強, 勉強サポート",【無料】小学生向けのおすすめ勉強・学習アプリ｜科目別,12.00,14.60,3.80,0.2602739726,"1,813.20",10.60,0.00584601809,"17,357.80",10.32,,0.00,5,0,0,,勉強アプリ 無料小学生,5.6,5.4,+0.2
column,7790,https://good-apps.jp/media/column/7790,"航空券, 旅行, ライフスタイル, 交通・移動",【[Y]年最新】おすすめ旅行アプリランキング｜旅行の計画・予約も無料アプリで,12.60,14.40,0.60,0.04166666667,"1,451.60",10.40,0.007164508129,"10,095.80",7.97,,0.00,1.25,0,0,,旅行アプリ おすすめ,6.1,5.5,+0.6
column,21207,https://good-apps.jp/media/column/21207,"その他, アプリ解説",【[Y]】LINEの通知が来ない!?原因と解決策まとめ,13.80,14.40,0.00,0,"3,330.80",9.60,0.002882190465,"29,293.00",9.80,,0.00,,,0,,line 通知こない,10.1,9.8,+0.3
column,15640,https://good-apps.jp/media/column/15640,"音楽, エンターテインメント",【[Y]年】癒しの自然音・環境音アプリおすすめランキング｜無料,13.20,14.20,7.00,0.4929577465,535.80,10.60,0.01978350131,"3,028.60",6.62,,0.00,11,0,0,,環境音 アプリ,3.1,2.9,+0.2
column,23939,https://good-apps.jp/media/column/23939,"通話, 通信・SNS, ビジネス・仕事, 会議・セミナー",【[Y]】ビデオ通話アプリおすすめ人気7選｜無料,12.40,14.00,2.40,0.1714285714,384.60,6.80,0.01768070723,"5,867.60",16.29,,0.00,14.2,0,0,,ビデオ通話アプリ,10.6,10,+0.5
column,8195,https://good-apps.jp/media/column/8195,"ゲーム, 放置ゲーム",【[Y]年】放置ゲームアプリおすすめ16選｜男性向け｜ほのぼの,13.40,13.80,3.60,0.2608695652,"1,105.00",13.00,0.01176470588,"8,980.00",9.14,,0.00,,,0,,放置ゲーム 男性向け,2.9,1.9,+1.0
column,2784,https://good-apps.jp/media/column/2784,"ファイナンス・マネー, 株・FX",【[Y]年 無料・登録不要あり！】FXデモトレードアプリおすすめ8選,12.80,13.80,4.00,0.2898550725,656.80,9.20,0.01400730816,"13,569.20",21.76,"1,200.00",86.96,18,0.2,0.05,,fx デモトレード アプリ,5,3.4,+1.7
column,16637,https://good-apps.jp/media/column/16637,"マッチングアプリ, ライフスタイル",【課金なしで出会う】男性も無料のマッチングアプリ[Y]年最新おすすめ一覧,11.00,13.40,2.40,0.1791044776,"1,019.60",10.00,0.009807767752,"10,596.40",11.43,"1,818.00",135.67,3.4,0.2,0.08333333333,,完全無料出会アプリ課金なし,8.6,8.5,+0.2
column,11436,https://good-apps.jp/media/column/11436,"ビジネス・仕事, 会議・セミナー",【Windows・Mac対応】ホワイトボードアプリおすすめ10選,13.40,13.40,0.20,0.01492537313,846.60,11.00,0.01299314907,"6,147.60",8.29,,0.00,,,0,,ホワイトボード アプリ,5.8,6.3,-0.6
column,22899,https://good-apps.jp/media/column/22899,"写真・動画, 動画編集",動画撮影アプリおすすめアプリランキング【美顔・無音撮影・高画質】,12.00,13.00,2.80,0.2153846154,879.40,8.80,0.01000682283,"6,434.60",8.37,105.00,8.08,12.6,0.4,0.1428571429,,動画撮影アプリ,5.5,5.4,+0.1
column,7347,https://good-apps.jp/media/column/7347,"レンタカー, 交通・移動",【[Y]年最新】レンタカーアプリおすすめランキング10選,12.40,12.40,3.00,0.2419354839,889.80,13.60,0.01528433356,"15,544.80",17.84,,0.00,24,0,0,,レンタカー アプリ,3.1,3.2,-0.1
column,6883,https://good-apps.jp/media/column/6883,"名刺管理, ビジネス・仕事",[Y]最新｜名刺管理アプリおすすめランキング厳選｜無料・安全,12.80,12.00,3.00,0.25,342.00,1.80,0.005263157895,"10,353.00",30.72,105.00,8.75,3.333333333,0.3333333333,0.1111111111,,名刺管理アプリ ランキング,7.6,8.2,-0.6
column,21740,https://good-apps.jp/media/column/21740,"エンターテインメント, 公営ギャンブル",[Y]年競馬予想アプリ人気ランキング【完全無料】,8.60,11.60,2.80,0.2413793103,549.60,8.20,0.01491994178,"9,319.20",18.38,350.00,30.17,8.6,0.2,0.07142857143,,競馬予想アプリ,6.5,6.7,-0.2
column,25101,https://good-apps.jp/media/column/25101,"英語学習, 勉強",【[Y]年】英語力の向上に！英語日記アプリ無料おすすめ10選,10.20,11.60,2.60,0.224137931,182.60,8.80,0.04819277108,"2,469.40",14.49,,0.00,35,0,0,,英語日記 アプリ,4.5,3.4,+1.1
column,20386,https://good-apps.jp/media/column/20386,"勉強, 勉強サポート, 語学学習",漢和辞典アプリおすすめランキング! 特徴や選び方を解説,10.20,11.60,1.20,0.1034482759,866.80,7.80,0.008998615598,"5,030.20",6.80,,0.00,1.75,0,0,,漢和辞典 無料アプリ,4,4,0
column,23146,https://good-apps.jp/media/column/23146,"英語学習, 勉強",1級まで対応！無料で使える英検アプリおすすめ人気ランキング3選,10.40,11.40,3.40,0.298245614,571.40,8.00,0.01400070004,"4,541.00",9.02,,0.00,4.4,0,0,,英検 アプリ 無料 人気,6.3,5.4,+1.0
column,737,https://good-apps.jp/media/column/737,"ニュース, ニュース・天気",おすすめのニュースアプリを4つご紹介！各アプリの特徴など徹底解説！,9.80,11.20,1.20,0.1071428571,458.00,8.80,0.0192139738,"2,634.40",6.81,476.00,42.50,29.6,0.8,0.6666666667,,ヤフーニュース スマートニュース どっち,2.4,2.3,+0.2
column,14907,https://good-apps.jp/media/column/14907,"英語学習, 勉強",【[Y]年最新】英単語アプリおすすめランキング10選,9.80,11.20,3.00,0.2678571429,279.80,5.00,0.01786990708,"4,265.20",16.67,465.00,41.52,9.2,0.6,0.2,,英単語 アプリ,13.5,12.5,+0.9
column,10461,https://good-apps.jp/media/column/10461,"英語学習, 勉強",【無料あり】おすすめの英語スピーキングアプリ10選【[Y]年】,10.20,10.80,2.20,0.2037037037,947.20,5.60,0.005912162162,"7,279.40",8.72,"1,402.50",129.86,3.8,1,0.4545454545,,英語 スピーキングアプリ 完全 無料,6.9,5.8,+1.0
column,21403,https://good-apps.jp/media/column/21403,"エンターテインメント, 公営ギャンブル",オッズパークは怪しいorおかしい？精算されない・残高が消えた！？,9.60,10.60,0.40,0.03773584906,330.80,7.40,0.02237001209,"1,755.40",6.28,,0.00,1.666666667,0,0,,オッズパーク 怪しい,4.1,3.9,+0.1
column,18587,https://good-apps.jp/media/column/18587,"カメラ, 写真・動画",【写真の影を簡単に消す方法】無料のおすすめアプリもご紹介！,9.80,10.40,1.80,0.1730769231,"1,018.20",5.80,0.005696326851,"8,117.20",9.03,122.50,11.78,12.2,0.8,0.4444444444,,写真 影 消す iphone,7.2,8.5,-1.3
column,20730,https://good-apps.jp/media/column/20730,"写真編集／加工, 写真・動画",【[Y]年】写真合成アプリおすすめランキング！選び方徹底ガイド,9.20,10.40,3.60,0.3461538462,"1,738.00",6.00,0.003452243959,"17,610.60",11.07,,0.00,11.2,0,0,,写真合成アプリ,8,8.3,-0.3
column,8039,https://good-apps.jp/media/column/8039,"似顔絵, エンターテインメント",【無料】写真を似顔絵に！おすすめAI似顔絵アプリランキング,10.00,10.40,1.60,0.1538461538,"1,649.60",7.40,0.004485935984,"16,525.00",11.02,245.00,23.56,26,0.8,0.5,,写真から似顔絵アプリ android 無料,9.8,10.5,-0.7
column,14780,https://good-apps.jp/media/column/14780,"ゲーム, アドベンチャーゲーム",【[Y]年最新版】おすすめ三国志ゲームアプリランキング,10.40,10.20,0.80,0.07843137255,706.40,7.40,0.01047565119,"6,394.60",10.10,,0.00,8,0,0,,三国志スマホ コーエー おすすめ,1.6,1.4,+0.2
column,18296,https://good-apps.jp/media/column/18296,"SNS, チャット, 通信・SNS",【[Y]】必見！SNSアプリおすすめ人気ランキング8選,9.80,10.20,1.80,0.1764705882,"1,700.80",7.40,0.004350893697,"12,986.80",8.65,,0.00,11.8,0,0,,snsアプリ,8.7,9.3,-0.6
column,101,https://good-apps.jp/media/column/101,"ニュース, ニュース・天気, その他, アプリ解説",ヤフーニュースアプリの通知設定から記事の非表示方法を紹介,8.60,10.20,0.00,0,827.20,2.80,0.003384912959,"7,129.20",9.62,,0.00,,,0,,ポッドキャスト アプリ,3.3,2.8,+0.5
column,974,https://good-apps.jp/media/column/974,"ニュース, ライフスタイル, 防災, ニュース・天気, その他, アプリ解説",NHKニュース防災アプリの利用方法は？受信料はとられる？,9.80,10.20,0.80,0.07843137255,400.60,7.00,0.01747378932,"2,813.00",8.06,,0.00,,,0,,nhk防災アプリ 受信料,3.5,3.5,+0.0
column,18112,https://good-apps.jp/media/column/18112,"ポイ活, ファイナンス・マネー",歩くだけで〇〇円ゲット！初心者でも簡単！歩いてポイ活を始めるための安全ガイド,8.20,10.00,2.00,0.2,545.60,3.40,0.006231671554,"6,056.00",12.11,181.00,18.10,8,0.2,0.1,,歩いてポイ活,7.9,10.7,-2.8
column,587,https://good-apps.jp/media/column/587,"ニュース, ニュース・天気, ヘルスケア, スポーツ",【サッカー好き必見】おすすめのサッカーニュースアプリ5選,8.40,9.80,3.00,0.306122449,435.80,9.60,0.02202845342,"3,545.40",9.49,,0.00,,,0,,サッカーアプリ 情報,3.8,4,-0.2
column,535,https://good-apps.jp/media/column/535,"ゲーム, ボードゲーム",麻雀初心者でも楽しめる2つのおすすめアプリ,9.60,9.80,1.00,0.1020408163,461.40,9.00,0.01950585176,"11,795.40",26.85,285.00,29.08,2.8,0.6,0.6,,麻雀 初心者 アプリ,4.6,4.5,+0.1
column,23829,https://good-apps.jp/media/column/23829,"ポイ活, ファイナンス・マネー",【[Y]年】楽天ポイ活におすすめの人気アプリランキング！,8.80,9.80,0.00,0,279.00,7.40,0.02652329749,"3,023.60",11.79,,0.00,36.8,0,0,,楽天ポイント 貯める アプリ おすすめ,8.3,8.3,+0.0
column,9579,https://good-apps.jp/media/column/9579,"ツール, バイト, ビジネス・仕事, 計測ツール",【[Y]年最新】タイムカードアプリおすすめランキング9選,9.60,9.80,1.60,0.1632653061,910.20,4.20,0.004614370468,"17,203.80",19.97,,0.00,,,0,,タイムカード アプリ,9.5,8.7,+0.8
column,787,https://good-apps.jp/media/column/787,"テーマ別, ライブ配信, フリマ・オークション, ポイ活, バイト, エンターテインメント, ショッピング・オークション, ファイナンス・マネー, ビジネス・仕事, その他",【初心者向け】おすすめ副業アプリ20選！怪しい業者の見分け方も解説【怖い？】,8.20,9.60,0.40,0.04166666667,"1,533.60",5.60,0.003651538863,"20,791.80",14.54,,0.00,279,0,0,,副業アプリ,7.8,8.9,-1.2
column,20328,https://good-apps.jp/media/column/20328,"マッチングアプリ, ライフスタイル",出会い系アプリのおすすめ人気ランキング8選【[Y]年】,9.00,9.40,1.80,0.1914893617,192.20,1.00,0.005202913632,"11,736.40",62.05,,0.00,6.2,0,0,,出会い系,75.4,75.6,-0.2
column,18994,https://good-apps.jp/media/column/18994,"コスメ, 美容・おしゃれ",【[Y]年】美容医療・整形アプリおすすめランキング      ,8.60,9.40,1.40,0.1489361702,353.00,6.60,0.01869688385,"2,245.60",7.36,,0.00,23.4,0,0,,美容医療 アプリ,2.7,3.2,-0.5
column,554,https://good-apps.jp/media/column/554,"ゲーム, テーマ別, RPG, その他",【[Y]年最新版】これから流行る、新作のスマホゲームアプリ,9.00,9.40,0.00,0,438.80,7.00,0.01595259799,"5,306.80",13.14,,0.00,25.2,0,0,,電子マネー 初心者 おすすめ,1.8,1.9,-0.1
column,app,https://good-apps.jp/media/column/app,,,0.60,9.20,0.00,0,,,0,,,,0.00,,,0,,,1.6,1.3,+0.3
column,25291,https://good-apps.jp/media/column/25291,"ツール, ツール",植物図鑑アプリのおすすめ5選！名前や育て方がわかる便利アプリ,7.20,9.00,3.80,0.4222222222,287.80,3.20,0.01111883252,"2,899.00",11.16,,0.00,8.6,0,0,,植物図鑑 アプリ,10.4,10.4,-0.1
column,16714,https://good-apps.jp/media/column/16714,"バイト, ビジネス・仕事",シフト管理アプリおすすめ5選！店長も従業員も無料でシフト表を作成,8.60,9.00,3.00,0.3333333333,778.60,5.20,0.006678653994,"13,883.00",18.79,,0.00,11.2,0,0,,シフト管理 アプリ 店長 無料,6,5,+1.0
column,22593,https://good-apps.jp/media/column/22593,"写真編集／加工, 写真・動画",【星空の撮り方】一眼レフは不要？スマホで簡単に撮影できるアプリ,7.20,8.80,3.80,0.4318181818,154.80,4.60,0.02971576227,"2,421.40",17.30,,0.00,4.4,0,0,,星空 撮影アプリ android 無料,6.1,4.5,+1.6
column,16265,https://good-apps.jp/media/column/16265,"勉強, 語学学習",【[Y]年版】ドイツ語学習におすすめの勉強アプリランキング,8.60,8.60,3.80,0.4418604651,653.60,5.00,0.0076499388,"4,179.40",7.39,,0.00,9.4,0,0,,ドイツ語 アプリ,5,5.5,-0.5
column,7085,https://good-apps.jp/media/column/7085,"ダイエット, カロリー計算, ヘルスケア",【ダイエット】おすすめのカロリー計算アプリランキング,5.00,8.40,3.80,0.4523809524,583.40,4.60,0.007884813164,"5,456.40",10.36,940.00,111.90,25.4,0.4,0.1052631579,,カロリー計算 アプリ,10.4,10.4,+0.0
column,755,https://good-apps.jp/media/column/755,"ニュース, ニュース・天気",【[Y]年】無料で読めるおすすめニュース＆まとめ速報アプリ22選！,7.40,8.20,4.00,0.487804878,"1,107.00",8.60,0.007768744354,"7,758.00",8.11,396.00,48.29,73.6,0.4,0.1,,ニュースアプリ おすすめ,5.8,5.7,+0.1
column,8809,https://good-apps.jp/media/column/8809,"ゲーム, ボードゲーム, パーティーゲーム",【2人〜大人数】おすすめボードゲームアプリまとめ        ,7.00,8.00,0.40,0.05,431.00,6.20,0.01438515081,"6,037.20",15.14,,0.00,,,0,,ボードゲーム アプリ,8.2,8.3,0
column,16702,https://good-apps.jp/media/column/16702,"マッチングアプリ, ライフスタイル",【例文付き】マッチングアプリで高評価プロフィールの書き方のコツ,8.00,8.00,0.00,0,345.80,7.00,0.02024291498,"3,457.80",11.23,,0.00,2.5,0,0,,マッチングアプリ 性格 書き方,2.1,2.3,-0.1
column,363,https://good-apps.jp/media/column/363,"テーマ別, その他",【[Y]年版】無料なのに超便利！おすすめスマホアプリ9選,3.60,7.80,0.20,0.02564102564,630.40,4.20,0.006662436548,"9,815.00",16.61,,0.00,44.4,0,0,,便利アプリ 無料 ランキング,8.1,8.1,0
column,16092,https://good-apps.jp/media/column/16092,"ゲーム, オンラインゲーム",【[Y]年最新】猫ゲームアプリおすすめランキング10選,7.40,7.60,2.80,0.3684210526,"1,957.20",5.60,0.002861230329,"14,853.60",8.68,,0.00,4.2,0,0,,猫ゲーム 無料,9.4,8.8,+0.5
column,23384,https://good-apps.jp/media/column/23384,"ツール, イラスト・デザイン",3Dデッサン人形アプリおすすめランキング3選！無料サイトも紹介,6.80,7.60,3.00,0.3947368421,"1,299.40",5.60,0.004309681391,"10,319.40",8.94,,0.00,7.4,0,0,,3dデッサン人形 サイト 無料,7,7.8,-0.9
column,6938,https://good-apps.jp/media/column/6938,"ライブ配信, ラジオ, エンターテインメント",【[Y]年最新】ラジオ配信アプリのおすすめ5選,6.80,7.60,0.60,0.07894736842,888.60,6.20,0.006977267612,"7,187.60",9.15,,0.00,3.25,0,0,,ラジオ配信 アプリ,6.8,7.9,-1
column,16705,https://good-apps.jp/media/column/16705,"ゲーム, オンラインゲーム",【[Y]年最新】戦車ゲームおすすめ5選！無料で遊べる,7.20,7.40,0.20,0.02702702703,918.00,7.40,0.008061002179,"6,016.40",7.61,,0.00,3,0,0,,戦車ゲーム,9.1,9,+0.1
column,20345,https://good-apps.jp/media/column/20345,"ツール, 写真編集／加工, 写真・動画, イラスト・デザイン",【[Y]】写真に落書きを入れるおすすめ人気ランキング7選,6.80,7.40,4.20,0.5675675676,989.80,5.20,0.005253586583,"8,468.80",9.53,,0.00,6.6,0,0,,写真 落書き アプリ,5.4,4.5,+0.9
column,5445,https://good-apps.jp/media/column/5445,"アウトドア, ライフスタイル",【[Y]年】キャンプにもおすすめ！アウトドアアプリ5選,7.40,7.40,1.20,0.1621621622,227.00,4.60,0.02026431718,"1,242.00",6.93,,0.00,2,0,0,,キャンプ アプリ,5.7,4.4,+1.3
column,22596,https://good-apps.jp/media/column/22596,"ゲーム, オンラインゲーム",【[Y]】サッカーゲームアプリおすすめ人気ランキング5選,7.20,7.20,2.40,0.3333333333,322.60,4.60,0.01425914445,"4,032.80",13.57,,0.00,9.4,0,0,,サッカーゲームアプリ無料,10.3,10.5,-0.2
column,2808,https://good-apps.jp/media/column/2808,"ライブ配信, エンターテインメント",【[Y]年最新】ライブ配信アプリおすすめランキング！選び方や注意点を徹底解説,6.20,7.20,1.20,0.1666666667,"1,235.40",4.20,0.003399708596,"14,556.60",12.83,,0.00,64.8,0,0,,ライブ配信 おすすめ,11,11.2,-0.2
column,24823,https://good-apps.jp/media/column/24823,"ゲーム, オンラインゲーム, パズルゲーム, カジュアルゲーム",【無料】サクッと楽しめる！おすすめ暇つぶしゲームアプリ,5.20,7.00,4.00,0.5714285714,411.80,7.80,0.01894123361,"15,301.80",37.17,,0.00,39.2,0,0,,暇つぶし無料ゲーム,11.1,19,-7.9
column,20158,https://good-apps.jp/media/column/20158,"ゲーム, シミュレーションゲーム, RPG, 放置ゲーム, パズルゲーム",【[Y]年】無料スマホRPGゲームおすすめアプリ！神ゲー&amp;名作,7.20,7.00,1.20,0.1714285714,710.40,4.80,0.006756756757,"9,878.80",14.96,,0.00,150.2,0,0,,スマホrpg 名作 無料,7.2,7.4,-0.2
column,519,https://good-apps.jp/media/column/519,"ニュース, ニュース・天気",ニュースアプリで賢く情報収集！優良アプリを見分けるコツとは,5.60,7.00,2.20,0.3142857143,292.80,4.40,0.0150273224,"1,155.80",4.90,372.00,53.14,4,1.333333333,0.6060606061,,信頼できるニュースアプリ,3.5,3.4,+0.2
column,23965,https://good-apps.jp/media/column/23965,"エンターテインメント, 公営ギャンブル",競艇アプリおすすめ6選！購入・予想・情報収集の比較ガイド,6.80,7.00,1.00,0.1428571429,"1,275.20",5.00,0.003920953576,"11,372.20",9.93,,0.00,8.6,0,0,,ボートレース アプリ,8.1,7.6,+0.5
column,25888,https://good-apps.jp/media/column/25888,"航空券, 旅行, ライフスタイル, 交通・移動",エアトリは危ない？トラブルはある？口コミや安全性を検証！,6.00,7.00,1.00,0.1428571429,119.00,1.00,0.008403361345,907.00,8.62,600.00,85.71,3,1,1,,エアトリ 危ない,4.5,4.5,0
column,23785,https://good-apps.jp/media/column/23785,"エンターテインメント, 公営ギャンブル",【[Y]】公営ギャンブルアプリおすすめランキング！選び方も紹介,6.00,6.80,1.00,0.1470588235,646.60,4.40,0.00680482524,"6,118.60",10.55,"1,435.00",211.03,117.8,0.2,0.2,,公営ギャンブル アプリ,6.7,5.9,+0.8
column,5035,https://good-apps.jp/media/column/5035,"ショッピング・オークション, クーポン",家族で節約！【[Y]年】おすすめクーポンアプリランキング,5.60,6.60,0.60,0.09090909091,388.20,3.80,0.009788768676,"3,223.60",9.30,,0.00,1,0,0,,お得なアプリ,9,11,-2
column,20961,https://good-apps.jp/media/column/20961,"英語学習, 勉強",英語発音アプリおすすめランキングTOP10！発音矯正や採点もOK,7.00,6.60,1.60,0.2424242424,676.00,3.20,0.004733727811,"6,640.80",10.83,105.00,15.91,9.25,0.25,0.15625,,英語発音ゲーム無料,10.5,10.9,-0.4
column,8410,https://good-apps.jp/media/column/8410,"ヘアスタイル, 美容・おしゃれ",似合う髪型診断アプリおすすめランキング｜無料でシミュレーション,6.40,6.60,3.00,0.4545454545,613.40,4.40,0.007173133355,"10,848.00",18.64,,0.00,1.333333333,0,0,,似合う髪型 診断 アプリ,9.6,10.2,-0.5
column,22219,https://good-apps.jp/media/column/22219,"ライフスタイル, 料理",【[Y]年最新】離乳食アプリおすすめランキング4選【無料】,6.00,6.40,2.00,0.3125,379.60,6.00,0.0158061117,"2,862.20",8.54,,0.00,7,0,0,,離乳食 アプリ,8.3,6.1,+2.2
column,7198,https://good-apps.jp/media/column/7198,"位置情報・GPS, 地図・ナビゲーション",【便利】おすすめの位置情報アプリランキングー家族・友達に位置を共有,4.80,6.40,1.20,0.1875,887.40,4.40,0.004958305161,"8,343.80",10.35,,0.00,3,0,0,,位置情報アプリ 友達,3.7,3.2,+0.5
column,25268,https://good-apps.jp/media/column/25268,"勉強, 勉強サポート",【[Y]】デジタルならではの使いやすさ！国語辞典アプリおすすめ5選,4.80,6.40,1.60,0.25,171.60,3.80,0.02214452214,"3,392.80",19.54,,0.00,32.4,0,0,,国語辞典 アプリ 無料 人気,4.6,4.6,-0.1
column,7552,https://good-apps.jp/media/column/7552,"バイト, ビジネス・仕事",おすすめバイトアプリ徹底比較！[Y]年ランキング【スキマバイト・単発】,5.80,6.40,0.40,0.0625,"1,031.40",4.20,0.004072134962,"20,385.80",20.64,680.00,106.25,1.8,0.2,0.5,,バイトアプリ ランキング,5.6,6.5,-0.9
column,25192,https://good-apps.jp/media/column/25192,"未分類, 乗り換え案内, 地図・ナビゲーション",【[Y]年】無料で使える！電車・バスの時刻表アプリおすすめ6選,5.60,6.20,2.80,0.4516129032,395.80,3.00,0.007579585649,"11,953.60",30.78,,0.00,105.8,0,0,,時刻表 アプリ 無料,5.1,-,-
column,12698,https://good-apps.jp/media/column/12698,"テーマ別, その他",個人フリーランス向けおすすめアプリ14選！便利ツールで仕事管理,5.80,6.20,0.40,0.06451612903,254.20,4.00,0.01573564123,"2,842.80",12.22,,0.00,1.75,0,0,,フリーランス アプリ,3.4,2.9,+0.5
column,24782,https://good-apps.jp/media/column/24782,"音楽, エンターテインメント",【無料あり】おすすめのDJアプリ5選｜自分だけの音を掻き鳴らせ！,5.80,6.00,1.80,0.3,98.00,4.60,0.04693877551,976.20,10.79,,0.00,5.8,0,0,,djゲーム無料,5.1,5.6,-0.5
column,23386,https://good-apps.jp/media/column/23386,"ゲーム, パズルゲーム",無料で遊べる！マージゲームアプリおすすめランキング5選,5.40,6.00,1.20,0.2,617.00,4.80,0.007779578606,"5,154.40",9.37,"1,200.00",200.00,31.4,0.2,0.1666666667,,マージゲーム 無料 おすすめ,6.7,6.9,-0.3
column,354,https://good-apps.jp/media/column/354,"ニュース, ニュース・天気",【[Y]年】エンタメ情報ならコレ！おすすめニュースアプリ16選,5.60,6.00,1.80,0.3,382.20,7.00,0.01831501832,"3,049.00",9.03,,0.00,189,0,0,,ニュースアプリ おすすめ,6.4,5.6,+0.9
column,12998,https://good-apps.jp/media/column/12998,"ゲーム, オンラインゲーム",スマホで遊べる！野球ゲームアプリおすすめ5選｜無料＆人気｜新作,5.00,5.80,1.80,0.3103448276,578.80,3.00,0.005183137526,"8,006.00",14.96,,0.00,2.8,0,0,,無料野球ゲーム一人用,7.6,8.2,-0.6
column,5859,https://good-apps.jp/media/column/5859,"ゲーム, シミュレーションゲーム, RPG, パズルゲーム",【[Y]年最新】恋愛ゲームアプリおすすめ6選,5.60,5.80,0.40,0.06896551724,631.40,5.80,0.009185936015,"6,020.60",10.61,,0.00,78.8,0,0,,疑似恋愛 アプリ,2.2,1.7,+0.5
column,25691,https://good-apps.jp/media/column/25691,"ゲーム, アドベンチャーゲーム",話題のホラーゲームを特集！おすすめホラーゲームアプリ徹底比較,2.80,5.60,0.00,0,175.00,2.00,0.01142857143,"2,341.00",14.29,,0.00,36.8,0,0,,ホラーゲームアプリ,5,4.9,+0.0
column,25740,https://good-apps.jp/media/column/25740,"マッチングアプリ, ライフスタイル",バツイチの再婚に強い！おすすめマッチングアプリ10選,4.20,5.40,0.80,0.1481481481,131.80,1.60,1.21E-02,"2,362.00",19.28,818.00,151.48,324.75,0.25,0.3125,,マッチングアプリ 再婚,9,11.5,-2.5
column,2695,https://good-apps.jp/media/column/2695,"ツール, スマホ活用, ニュース, ニュース・天気",ウィジェットが利用できるニュースアプリ9選をご紹介!,5.20,5.00,0.60,0.12,410.40,3.00,0.00730994152,"3,620.00",10.24,,0.00,1.5,0,0,,ニュースアプリ ウィジェット,1.7,2,-0.3
column,25640,https://good-apps.jp/media/column/25640,"マッチングアプリ, ライフスタイル",【[Y]年最新】外国人と出会える！理想のマッチングアプリ,3.00,5.00,7.00,1.4,248.00,2.00,0.008064516129,"3,589.00",15.47,,0.00,17,0,0,,外国人と出会えるアプリ,8.2,8.2,0
column,25887,https://good-apps.jp/media/column/25887,"勉強, 語学学習",【[Y]年人気】韓国語勉強アプリで学習おすすめ徹底比較,5.00,5.00,5.00,1,264.00,8.00,0.0303030303,"2,498.00",10.46,,0.00,13,0,0,,韓国語 勉強 アプリ,9.9,9.9,0
column,25679,https://good-apps.jp/media/column/25679,"航空券, 旅行, ライフスタイル, 交通・移動",航空券が安くなるタイミングはいつ？国内線/国際線の最安値時期＆予約のコツ,2.00,5.00,6.00,1.2,581.00,3.00,5.16E-03,"4,973.00",9.56,,0.00,14,0,0,,航空券 安くなるタイミング 国際線,8.4,8.4,0
column,81,https://good-apps.jp/media/column/81,"エンターテインメント, 漫画・読書, その他, アプリ解説",ebookjapanアプリの使い方やログインできない時の対処方法,4.80,4.80,0.20,0.04166666667,175.40,3.60,0.02052451539,"1,313.20",8.44,,0.00,,,0,,旅のしおり アプリ 印刷できる,4.5,4.7,-0.2
column,8216,https://good-apps.jp/media/column/8216,"ショッピング, 資産管理, ショッピング・オークション, ファイナンス・マネー",[Y]年｜ふるさと納税アプリ（サイト）おすすめ19選｜徹底比較,4.60,4.80,0.00,0,182.40,1.20,0.006578947368,"5,080.60",28.89,,0.00,142,0,0,,ふるさと納税アプリランキング,2.6,-,-
column,6460,https://good-apps.jp/media/column/6460,"英語学習, 勉強, 勉強サポート",【[Y]年最新】勉強アプリおすすめ6選！小学生から社会人まで,4.20,4.80,0.20,0.04166666667,373.60,2.80,0.007494646681,"5,721.60",16.08,,0.00,49,0,0,,勉強 一緒に アプリ,6.1,6.2,0
column,240,https://good-apps.jp/media/column/240,"ツール, スマホ活用",【対処法】アプリのアップデートが遅い！通信が重い時にはコレで解決,4.20,4.60,0.00,0,373.40,3.20,0.008569898232,"2,898.20",8.83,,0.00,,,0,,星座 アプリ 空にかざす 無料,3,3,+0.0
column,1168,https://good-apps.jp/media/column/1168,"ニュース, ニュース・天気, その他, アプリ解説",LINEニュース終了？普段のLINEアプリでもニュースが閲覧できる！？,4.00,4.40,0.20,0.04545454545,211.20,3.60,0.01704545455,"1,484.00",7.96,,0.00,,,0,,lineニュース,5.1,2.3,+2.8
column,20039,https://good-apps.jp/media/column/20039,"英語学習, 勉強",【[Y]】英語リスニングアプリおすすめ！受験やビジネスの英語が不安なあなたに！,4.00,4.40,0.20,0.04545454545,171.80,1.60,0.009313154831,"3,497.80",21.75,,0.00,3.4,0,0,,英語 アプリ オフライン 無料,7.2,-,-
column,20904,https://good-apps.jp/media/column/20904,"エンターテインメント, 公営ギャンブル",【人気】地方競馬ネット購入・投票といえばコレ！おすすめサービス,2.50,4.25,0.25,0.05882352941,804.25,2.75,0.003419334784,"10,604.25",14.53,,0.00,3.75,0,0,,競馬 ネット購入 おすすめ,9.3,9.5,-0.1
column,25758,https://good-apps.jp/media/column/25758,"ショッピング, ショッピング・オークション",【徹底比較】デリバリー・出前・宅配アプリおすすめ一覧,3.00,4.25,0.75,0.1764705882,183.75,2.25,0.01224489796,"4,214.75",23.52,,0.00,11.5,0,0,,デリバリー おすすめアプリ,6.7,6.9,-0.3
column,4915,https://good-apps.jp/media/column/4915,"ゲーム, パズルゲーム",【[Y]年最新】おすすめパズルゲームランキングBEST15,3.80,4.20,0.20,0.04761904762,425.80,3.00,0.007045561296,"7,249.20",18.13,,0.00,73.6,0,0,,パズルゲーム 無料 人気ランキング,11.4,11.2,+0.2
column,6482,https://good-apps.jp/media/column/6482,"ゲーム, オンラインゲーム",[Y] オンラインゲームアプリおすすめ10選 対戦・協力プレイ,3.80,4.00,0.40,0.1,717.00,3.00,0.004184100418,"18,487.80",26.89,,0.00,99.2,0,0,,人気 オンラインゲーム スマホ,10.7,11,-0.3
column,7119,https://good-apps.jp/media/column/7119,"タクシー, 交通・移動",【[Y]年最新】タクシーアプリおすすめランキング,3.80,4.00,1.00,0.25,520.60,2.80,5.38E-03,"7,847.80",16.33,,0.00,66.4,0,0,,タクシーアプリ おすすめ,10,9.9,+0.1
column,9859,https://good-apps.jp/media/column/9859,"ショッピング, 電子マネー・決済, ショッピング・オークション, ファイナンス・マネー",【審査なし！？】おすすめ後払いアプリ最新ランキング,3.75,4.00,0.25,0.0625,422.00,2.00,0.004739336493,"8,426.00",21.00,,0.00,1,0,0,,後払い 審査なし,21.9,24.9,-3.1
column,196,https://good-apps.jp/media/column/196,"ニュース, ラジオ, エンターテインメント, ニュース・天気",ニュースチェックアプリおすすめ５選【動画再生・連続チェック】,4.20,4.00,0.80,0.2,142.60,3.20,0.02244039271,759.80,6.46,,0.00,,,0,,ニュース 動画 アプリ,3,3,+0.0
column,766,https://good-apps.jp/media/column/766,"ファイナンス・マネー, 株・FX",株式投資初心者におすすめの株アプリとメリット【少額からでも】,3.60,3.80,1.60,0.4210526316,466.80,1.80,0.003856041131,"11,282.20",25.16,,0.00,63,0,0,,少額投資 アプリ,4,3.4,+0.6
column,13362,https://good-apps.jp/media/column/13362,"ツール, パスワード管理",最新：iPhone/Androidおすすめパスワード管理アプリ【基本情報から解説】,3.40,3.80,0.80,0.2105263158,181.20,1.60,0.008830022075,"3,886.80",22.12,,0.00,,,0,,iphone パスワードアプリ android,7.2,5.1,+2.0
column,22723,https://good-apps.jp/media/column/22723,"カメラ, 写真・動画",【[Y]】写真のニキビを消すアプリおすすめ人気ランキング5選,3.20,3.80,0.40,0.1052631579,436.20,3.00,0.006877579092,"2,625.60",7.10,140.00,36.84,1.666666667,0.3333333333,0.8333333333,,ニキビ消し アプリ,6.6,5.4,+1.2
column,mobile,https://good-apps.jp/media/column/mobile,,,0.25,3.75,0.00,0,,,0,,,,0.00,,,0,,,9.3,9.3,0
column,23215,https://good-apps.jp/media/column/23215,"写真編集／加工, 写真・動画",【[Y]】プリクラ加工アプリおすすめ人気ランキング6選,3.50,3.75,0.75,0.2,551.75,2.25,0.004077933847,"4,326.75",8.84,,0.00,5.333333333,0,0,,プリクラ 人気ランキング 2025,7,7.4,-0.4
column,6582,https://good-apps.jp/media/column/6582,"音楽, エンターテインメント",【徹底比較】おすすめサブスク音楽配信アプリ人気ランキング,3.67,3.67,0.33,0.09090909091,668.33,1.00,0.001496259352,"14,218.67",22.29,,0.00,3,0,0,,ミュージックアプリ おすすめ,11.3,11.6,-0.2
column,25159,https://good-apps.jp/media/column/25159,"エンターテインメント, 公営ギャンブル",【無料】オートレースアプリおすすめ4選！レースのライブ配信も楽しめる,2.60,3.60,0.40,0.1111111111,57.40,2.40,0.04181184669,616.40,12.18,,0.00,88,0,0,,オートレース アプリ おすすめ,4,4.2,-0.2
column,7138,https://good-apps.jp/media/column/7138,"ゲーム, 街づくりゲーム, シミュレーションゲーム, RPG, 育成ゲーム",【無料ゲームアプリ】最新おすすめシミュレーションゲームアプリ一覧,0.00,3.50,0.00,0,46.50,0.00,0.00E+00,"1,991.00",42.97,,0.00,2,0,0,,シミュレーションゲーム アプリ,29.4,24,+5.4
column,12195,https://good-apps.jp/media/column/12195,"テーマ別, その他",【[Y]年版】最新！注目のおすすめアプリランキング,1.20,3.40,0.00,0,93.60,1.20,0.01282051282,"1,772.60",20.06,,0.00,616.25,0,0,,アプリ人気ランキング,29,-,-
column,24647,https://good-apps.jp/media/column/24647,"勉強, 語学学習",【[Y]年】中国語アプリおすすめ徹底比較！人気アプリを目的別に解説,3.20,3.20,0.60,0.1875,57.40,1.60,0.02787456446,"1,065.00",19.33,,0.00,3.4,0,0,,中国語アプリ おすすめ,9.3,9.3,0
column,6118,https://good-apps.jp/media/column/6118,"ゲーム, シューティングゲーム",【[Y]年最新版】シューティングゲームアプリおすすめ7選,3.40,3.20,0.80,0.25,348.00,2.60,0.007471264368,"5,771.80",17.66,,0.00,55.2,0,0,,撃ちまくるゲームアプリ,3.9,4.2,-0.3
column,25625,https://good-apps.jp/media/column/25625,"マッチングアプリ, ライフスタイル",大学生におすすめのマッチングアプリ一覧｜恥ずかしい・怖い気持ちを解消！,2.20,3.20,0.20,0.0625,154.80,1.00,0.00645994832,"2,048.80",14.32,,0.00,159.5,0,0,,大学生 マッチングアプリ,6.6,6.6,-0.1
column,4464,https://good-apps.jp/media/column/4464,"マッチングアプリ, ライフスタイル",【[Y]年】マッチングアプリおすすめランキング【徹底比較】,2.40,3.20,0.00,0,398.60,2.00,0.005017561465,"23,274.20",59.23,,0.00,167.6,0,0,,マッチングアプリ,81.6,84.8,-3.2
column,529,https://good-apps.jp/media/column/529,"テーマ別, ニュース, ラジオ, エンターテインメント, 勉強, 勉強サポート, ニュース・天気, その他",NHKアプリ全10種紹介！【英語やニュースの勉強にピッタリ】,2.40,3.00,0.60,0.2,136.80,2.80,0.02046783626,"1,710.80",13.70,,0.00,,,0,,ソリティア 無料 人気,4.2,4.5,-0.3
column,5642,https://good-apps.jp/media/column/5642,"ゲーム, オンラインクレーンゲーム",おすすめオンラインクレーンゲームアプリ｜無料｜UFOキャッチャー,3.00,3.00,0.00,0,256.00,3.00,0.01171875,"12,792.00",50.97,,0.00,1,0,0,,クレーンゲーム 無料ダウンロードなし,21,36,-15
column,9910,https://good-apps.jp/media/column/9910,"マッチングアプリ, ライフスタイル",恋に悩めるあなたに！おすすめの恋活アプリ10選【[Y]年】,3.00,3.00,0.20,0.06666666667,306.20,1.20,0.003919007185,"5,455.80",18.70,,0.00,4.4,0,0,,恋愛アプリ,8.8,8.7,+0.1
column,23505,https://good-apps.jp/media/column/23505,"エンターテインメント, 動画配信サービス",【[Y]】動画配信サービス人気ランキング！おすすめの選び方を解説,1.33,3.00,1.67,0.5555555556,162.00,0.33,0.002057613169,"9,599.00",60.54,,0.00,9,0,0,,動画配信サービス 人気ランキング,28.7,20.6,+8.1
column,25413,https://good-apps.jp/media/column/25413,"ウォーキング, ヘルスケア",ウォーキング2時間歩きすぎ？痩せる？消費カロリーと続けるコツ,0.00,3.00,6.00,2,145.00,3.00,2.07E-02,"1,081.00",8.46,,0.00,19,0,0,,ウォーキング 2時間,7.1,7.1,0
column,12089,https://good-apps.jp/media/column/12089,"就活・転職, ビジネス・仕事",【25卒/26卒就活生向け】就活アプリおすすめランキング一覧,3.00,2.80,1.00,0.3571428571,463.40,3.00,0.006473888649,"4,800.20",11.37,,0.00,4.333333333,0,0,,就活アプリ 26卒,2.3,3,-0.7
column,15813,https://good-apps.jp/media/column/15813,"写真編集／加工, 写真・動画",[Y]年最新 スマホで簡単加工!モザイクアプリおすすめランキング,2.40,2.80,0.60,0.2142857143,963.00,2.20,0.002284527518,"13,024.80",14.90,,0.00,1.666666667,0,0,,iphone 背景ぼかし 後から 無料,14,-,-
column,244,https://good-apps.jp/media/column/244,"ツール, スマホ活用",【保存版】有料アプリの購入履歴を確認する方法,2.20,2.80,0.00,0,"1,806.00",1.20,6.64E-04,"14,920.20",9.24,,0.00,,,0,,月額有料アプリ 確認,9.3,10,-0.7
column,25118,https://good-apps.jp/media/column/25118,"マッチングアプリ, ライフスタイル",【デートも婚活も！】話題のAIマッチングアプリ6選！,1.75,2.75,0.25,0.09090909091,64.00,0.50,0.0078125,"1,362.75",22.71,,0.00,3.75,0,0,,ai マッチングアプリ,19,18.7,+0.3
column,6768,https://good-apps.jp/media/column/6768,"ツール, 年賀状",【2025年】年賀状アプリおすすめランキング15選【比較・無料】,2.25,2.75,0.25,0.09090909091,285.25,1.25,0.004382120947,"7,399.00",26.86,,0.00,27.75,0,0,,住所録 アプリ 無料 おすすめ,2.5,-,-
column,1709,https://good-apps.jp/media/column/1709,"スマホ活用, テーマ別, ニュース, 家計簿, フリマ・オークション, 物件, ライフスタイル, 料理, ショッピング・オークション, ニュース・天気, その他",新生活に役立つ！スマホ便利アプリ13選,1.80,2.60,0.60,0.2307692308,42.20,1.40,0.03317535545,496.80,15.85,,0.00,205.75,0,0,,新生活 アプリ,2.8,3,-0.2
column,11370,https://good-apps.jp/media/column/11370,"物件, ライフスタイル",リノベ物件探しにも！おすすめの家探しアプリ人気ランキング,1.20,2.60,0.40,0.1538461538,157.80,1.00,0.006337135615,"3,091.00",20.62,500.00,192.31,3.75,0.25,0.625,,不動産アプリ 人気,9.6,10.2,-0.6
column,342,https://good-apps.jp/media/column/342,"ニュース, ニュース・天気",速報に強いおすすめ無料ニュースアプリ紹介！,2.00,2.40,1.00,0.4166666667,228.20,2.20,0.009640666082,"1,346.00",6.84,,0.00,40.33333333,0,0,,速報アプリ,4.5,5.9,-1.4
column,3979,https://good-apps.jp/media/column/3979,"ライブ配信, バイト, エンターテインメント, ビジネス・仕事",【稼げるライブ配信アプリまとめ】初心者でも稼ぐためのコツを紹介！,1.80,2.40,0.00,0,182.40,0.20,0.001096491228,"2,508.20",14.69,,0.00,51,0,0,,ライブ配信 稼ぐ,7.7,-,-
column,13108,https://good-apps.jp/media/column/13108,"ゲーム, オンラインゲーム",無料｜格闘ゲームアプリおすすめ5選｜スマホでも格ゲーが楽しめる,2.20,2.40,0.00,0,219.80,2.20,1.00E-02,"3,264.20",15.99,,0.00,,,0,,スマホゲーム 無料 格闘ゲーム,6.8,6.5,+0.3
column,19094,https://good-apps.jp/media/column/19094,"ライブ配信, エンターテインメント",【稼げる】投げ銭のあるライブ配信アプリおすすめランキング10選,1.33,2.33,1.00,0.4285714286,86.00,0.00,0,"2,990.67",35.82,,0.00,3.5,0,0,,live配信 稼げる,19,-,-
column,24581,https://good-apps.jp/media/column/24581,"航空券, 交通・移動",初心者必見！飛行機チケットの予約と手配方法は？基礎知識から裏ワザも,1.33,2.33,0.33,0.1428571429,74.00,0.00,0.00E+00,"2,668.00",37.15,,0.00,101,0,0,,航空券,93,-,-
column,22548,https://good-apps.jp/media/column/22548,"ゲーム, 育成ゲーム",[Y]｜育成ゲームアプリおすすめランキング3選｜無料でやり込める,1.75,2.25,0.00,0,205.25,0.75,0.00365408039,"3,675.25",18.92,,0.00,7,0,0,,やり込める育成ゲーム,8.6,10.3,-1.7
column,22806,https://good-apps.jp/media/column/22806,"ファイナンス・マネー, 仮想通貨",【[Y]】仮想通貨ウォレットおすすめ人気ランキング5選,2.20,2.20,0.00,0,367.60,1.00,2.72E-03,"7,910.40",22.97,,0.00,9.2,0,0,,仮想通貨 ウォレット アプリ おすすめ,6.5,7.4,-0.9
column,16152,https://good-apps.jp/media/column/16152,"ゲーム, オンラインゲーム",【[Y]年最新】無料ゲームアプリおすすめランキング10選,0.75,2.00,0.00,0,150.75,0.75,4.98E-03,"6,179.25",42.57,,0.00,3.333333333,0,0,,無料ゲーム 人気,64.3,51.3,+13.0
column,22319,https://good-apps.jp/media/column/22319,"未分類, 英語学習, 勉強",シャドーイングアプリ徹底比較！ 無料アプリやAI機能のアプリも！,1.50,2.00,0.25,0.125,49.25,0.50,0.01015228426,900.50,19.76,,0.00,7.5,0,0,,シャドーイング アプリ,15.7,7,+8.7
column,1253,https://good-apps.jp/media/column/1253,"ニュース, ポイ活, ファイナンス・マネー, ニュース・天気, その他, アプリ解説",スマートニュースで楽天ポイントGET？！アプリを削除した時の対処法まで解説,1.67,2.00,0.00,0,46.67,1.00,0.02142857143,855.33,20.21,,0.00,,,0,,スマートニュース アプリ 削除,11.5,-,-
column,3196,https://good-apps.jp/media/column/3196,"ニュース, ニュース・天気, その他, アプリ解説",ニュース保存アプリって知ってますか？忙しいあなたにご紹介,1.75,2.00,0.25,0.125,108.75,1.50,0.01379310345,878.25,9.26,,0.00,,,0,,pocket アプリ,8.7,8.7,+0.1
column,25837,https://good-apps.jp/media/column/25837,"マッチングアプリ, ライフスタイル",タップルやめとけは嘘？3つの理由｜評判・危険性・おすすめの人を解説,2.00,2.00,4.00,2,164.00,3.00,1.83E-02,"1,821.00",12.10,,0.00,18,0,0,,タップル やめとけ,5.8,5.8,0
column,5368,https://good-apps.jp/media/column/5368,"マッチングアプリ, ライフスタイル",【[Y]年】おすすめ婚活アプリ集！真剣な方に【世代別徹底比較】,2.00,2.00,0.00,0,112.00,0.00,0,"5,107.00",46.60,,0.00,1,0,0,,婚活アプリ おすすめ,23,-,-
column,492,https://good-apps.jp/media/column/492,"ニュース, ライフスタイル, スキルアップ, ニュース・天気",【成長したいビジネスパーソン必見】厳選！おすすめニュースアプリ,0.00,2.00,2.00,1,1.00,0.00,0.00E+00,4.00,5.00,,0.00,,,0,,フリマアプリ 比較,4.7,4.8,-0.1
column,14279,https://good-apps.jp/media/column/14279,"ゲーム, アドベンチャーゲーム",【[Y]年本気でハマる！】おすすめ戦国ゲームアプリ一覧,2.00,1.80,0.40,0.2222222222,404.80,1.40,0.003458498024,"4,128.60",11.12,,0.00,11.2,0,0,,信長の野望 みたいなゲーム,4.3,-,-
column,23183,https://good-apps.jp/media/column/23183,ゲーム,無料サバイバルゲームアプリおすすめランキング！無人島でクラフト生活,1.60,1.80,0.40,0.2222222222,130.80,1.80,0.01376146789,"1,970.40",16.11,,0.00,6.2,0,0,,pc サバイバルゲーム 無人島 無料,6.9,7.3,-0.4
column,421,https://good-apps.jp/media/column/421,"ニュース, 英語学習, 勉強, ニュース・天気",【初心者向け】無料で学べる！英語学習おすすめニュースアプリ37選,1.25,1.75,0.25,0.1428571429,63.50,0.75,0.01181102362,933.75,15.59,,0.00,438,0,0,,英語 ニュースアプリ 初心者,4.2,4.4,-0.2
column,11999,https://good-apps.jp/media/column/11999,"就活・転職, ビジネス・仕事",【[Y]年】転職アプリおすすめランキング｜年代別＆目的別に解説,1.33,1.67,0.00,0,127.33,0.67,5.24E-03,"3,870.00",31.76,,0.00,7.333333333,0,0,,求人アプリ,13,13,0
column,7780,https://good-apps.jp/media/column/7780,"英語学習, 勉強",【スコアアップ】TOEIC対策に強い英語学習アプリおすすめランキング,1.67,1.67,0.33,0.2,30.00,0.33,0.01111111111,866.33,30.57,,0.00,2,0,0,,booco abceed 比較,2.7,-,-
column,15373,https://good-apps.jp/media/column/15373,"ライブ配信, エンターテインメント",【[Y]年絶対にチェックしたい】おすすめvtuberアプリランキング    ,1.00,1.67,0.00,0,127.33,0.33,0.002617801047,"1,812.67",15.74,,0.00,10,0,0,,スマホ vtuber アプリ,7.6,-,-
column,5060,https://good-apps.jp/media/column/5060,"翻訳, 勉強",【[Y]年版】英語翻訳アプリおすすめランキング,1.33,1.67,0.00,0,603.00,0.33,5.53E-04,"19,520.00",33.20,,0.00,,,0,,英語翻訳アプリ,16.2,15.5,+0.7
column,25217,https://good-apps.jp/media/column/25217,"カメラ, 写真・動画",スマホで月を綺麗に撮影するコツ！iPhoneでもAndroidでも,1.25,1.50,0.00,0,46.50,0.50,0.01075268817,733.50,17.24,,0.00,7.5,0,0,,iphone 写真 セルフタイマー,3,-,-
column,,,,,0.00,1.50,0.00,0,,,0,,,,0.00,,,0,,,2.2,2.1,+0.1
column,694,https://good-apps.jp/media/column/694,"ファイナンス・マネー, 株・FX",FXで安定的に勝ち続けるために！必見のおすすめサイト6選,0.50,1.50,0.00,0,3.00,0.00,0,145.00,49.33,,0.00,,,0,,fx おすすめ サイト,31.7,-,-
column,678,https://good-apps.jp/media/column/678,"ニュース, 英語学習, 勉強, ニュース・天気",英語をリスニングから学べるニュースアプリ3選,1.00,1.50,0.00,0,12.50,1.00,0.08,312.50,26.98,,0.00,,,0,,ニュース英語アプリ,42.3,42.3,0
column,59,https://good-apps.jp/media/column/59,"ツール, スマホ活用",iPhoneでアプリに使っているデータ容量を確認する方法,1.00,1.50,0.00,0,118.50,0.00,0,"1,391.50",12.23,,0.00,,,0,,タスク管理 アプリ,8.8,7.9,+0.8
column,21067,https://good-apps.jp/media/column/21067,"SNS, 通信・SNS",Instagramアカウントを削除する方法の手順【スマホ/PC】,1.50,1.50,0.00,0,472.00,0.00,0,"4,029.50",9.60,,0.00,,,0,,instagram アカウント削除,5.6,-,-
column,5505,https://good-apps.jp/media/column/5505,"エンターテインメント, 漫画・読書",【[Y]年】無料の漫画アプリおすすめ人気ランキング【徹底比較】,0.00,1.00,0.50,0.5,157.00,0.50,0.003184713376,"11,123.00",71.98,,0.00,7.5,0,0,,漫画無料アプリ,64.2,82.7,-18.4
column,24682,https://good-apps.jp/media/column/24682,未分類,【無料】乳幼児から小学生まで！知育アプリおすすめ3選,1.00,1.00,0.00,0,43.00,1.00,0.02325581395,"2,338.00",55.37,,0.00,3,0,0,,知育アプリ 無料 小学生,8.2,-,-
column,18528,https://good-apps.jp/media/column/18528,"マッチングアプリ, ライフスタイル",40代に人気のマッチングアプリおすすめランキング！バツイチも安心,1.00,1.00,0.00,0,183.00,0.67,0.00364298725,"4,052.67",23.08,,0.00,,,0,,マッチングアプリ おすすめ 40代,10.9,11.3,-0.4
column,720,https://good-apps.jp/media/column/720,"ゲーム, テーマ別, RPG, その他",2021年に配信開始した注目のゲームアプリ4選,1.00,1.00,0.00,0,17.00,1.00,0.05882352941,149.00,9.76,,0.00,,,0,,2021年 スマホゲーム,10,-,-
column,1,https://good-apps.jp/media/column/1,ニュース,【成長したいビジネスパーソン必見】厳選！おすすめニュースアプリ,1.00,1.00,0.00,0,,,0,,,,0.00,,,0,,メルカリ 一瞬で売れるもの,2.3,2.3,+0.0
column,20210,https://good-apps.jp/media/column/20210,"ゲーム, RPG, アドベンチャーゲーム",おすすめゲーム配信アプリランキング！選び方から配信方法まで解説,1.00,1.00,0.00,0,91.00,0.00,0,"1,801.00",20.79,,0.00,2,0,0,,ゲーム配信アプリ,12.9,-,-
column,392,https://good-apps.jp/media/column/392,"ニュース, ニュース・天気, その他, アプリ解説",暇つぶしアプリなら『グノシー』ストレスフリーにニュースをチェック,1.00,1.00,0.00,0,52.00,0.00,0,605.00,12.63,,0.00,,,0,,グノシーとはどんなアプリですか,7.7,-,-
column,9396,https://good-apps.jp/media/column/9396,"SNS, 通信・SNS",おすすめFacebook関連アプリ｜無料｜ビジネス向け運用に,1.00,1.00,0.00,0,46.00,0.00,0,"1,207.00",27.24,,0.00,,,0,,メタサービス アプリ,8.7,8.3,+0.4
column,7652nhk,https://good-apps.jp/media/column/7652nhk,,,1.00,1.00,0.00,0,,,0,,,,0.00,,,0,,,,,
column,21199,https://good-apps.jp/media/column/21199,"マッチングアプリ, ライフスタイル",【初心者・男性必見！】ハッピーメールの料金システム比較ガイド,0.50,1.00,0.00,0,40.50,0.50,0.01234567901,907.00,23.43,,0.00,6.5,0,0,,ハッピーメール 初心者,8,-,-
column,746,https://good-apps.jp/media/column/746,"ファイナンス・マネー, 株・FX",FX初心者におすすめアプリ5選！FXのメリット・デメリットとは？,0.00,1.00,0.00,0,34.00,0.00,0,"1,492.00",44.88,,0.00,115,0,0,,fx おすすめ 初心者,55.5,-,-
